Title_ZH,Country,Finished,Genres_EN,Score /5,Status,TMDB_ID,Title_EN,
Red Eye S1,England,4/4/2026,"Action, Thriller",4,Finished,247704,Red Eye Season 1,
寧安如夢,China,2/19/2026,Drama,3,Finished,207197,Story of Kunning Palace,
復仇男友,Japan,2/10/2026,Drama,3,Finished,283924,Lover's Revenge,
再會了，美好時光,Japan,2/10/2026,Drama,4,Finished,226824,"Farewell, Happy Days",
凱倫·皮里 S1,Scottland,2/6/2026,"Crime, Drama, Mystery",3,Finished,194636,Karen Pirie Season 1,
卓越航空,Japan,2/1/2026,Drama,3,Finished,204262,NICE FLIGHT!,
如舞薄冰,USA,1/28/2026,Drama,3,Finished,281401,Finding Her Edge,
偶像瘋子,Korea,1/28/2026,Mystery,3,Finished,285278,Idol I,
奇怪的搭檔,Japan,1/28/2026,Suspicious Partner ,3,Finished,287908,Comedy and Mystery,
極道鮮師 S2,Japan,1/24/2026,"Comedy, Drama",4,Finished,63409,Gokusen Season 2,
軋戲,China,1/20/2026,Drama,4,Finished,279136,Love Between Lines,
極道鮮師 S1,Japan,1/13/2026,"Comedy, Drama",4,Finished,63409,Gokusen Season 1,
巔峰對決 S1,Canada,1/9/2026,Other,3,Finished,301507,Heated Rivalry Season 1,
成為你的花,Japan,1/7/2026,Drama,3,Finished,209459,I Will Be Your Bloom,
靈媒偵探城冢翡翠,Japan,1/7/2026,Drama,3,Finished,209846,Medium Detective Hisui Jozuka,
怪奇物語S4,USA,12/30/2025,"Sci-Fi & Fantasy, Mystery",4,Finished,66732,Stranger Things Season 4,
廚房的愛麗絲,Japan,12/16/2025,Mystery,3,Finished,241790,Alice in Wonderful Kitchen,
怪奇物語S3,USA,12/2/2025,"Sci-Fi & Fantasy, Mystery",4,Finished,66732,Stranger Things Season 3,
怪奇物語S1,USA,11/30/2025,"Sci-Fi & Fantasy, Mystery",5,Finished,66732,Stranger Things Season 2,
怪奇物語S2,USA,11/30/2025,"Sci-Fi & Fantasy, Mystery",5,Finished,66732,Stranger Things Season 1,
拿著手術刀的獵人,Korea,11/17/2025,Crime,4,Finished,281967,Hunter with a Scalpel,
宇宙嫁給我,Korea,11/17/2025,Other,3,Finished,281011,Would You Marry Me?,
暴風圈,Korea,10/3/2025,Drama and Mystery,3,Finished,223326,Tempest,
江南時節,Short Drama,9/21/2025,Other,4,Finished,,江南時節,
盛夏芬德拉,Short Drama,9/21/2025,Drama,4,Finished,301366,Summer Rose,
我變美的那個夏天 S1,USA,9/21/2025,Other,3,Finished,194766,The Summer I Turned Pretty Season 1,
破局之團圓之旅,Short Drama,9/15/2025,Other,3,Finished,,破局之團圓之旅,
裴總每天都想父憑子貴,Short Drama,9/15/2025,Other,4,Finished,,裴總每天都想父憑子貴,
The Pitt S1,USA,9/2/2025,Drama,5,Finished,250307,The Pitt,
錦繡宅心,Short Drama,9/1/2025,Drama,3,Finished,297236,Threads of Destiny,
媽媽是殺手,England,8/31/2025,Drama,3,Finished,262352,The Assassin,
請和我的老公結婚,Japan,7/30/2025,Drama,4,Finished,290160,Marry My Husband: Japan,
血謎拼圖,Korea,6/30/2025,Crime,3,Finished,227191,Nine Puzzles,
活下來的我們,USA,6/15/2025,Drama,2,Finished,284605,The Survivors,
愛情自有天意,Short Drama,5/4/2025,Comedy and Drama,3,Finished,305374,Love Has It Planned,
好一個乖乖女,Short Drama,5/4/2025,Drama,3,Finished,284360,What A Good Girl,
嬌鶯,Short Drama,5/4/2025,Other,3,Finished,,嬌鶯,
絕對臣服,Short Drama,5/4/2025,Other,3,Finished,286580,绝对臣服,
魔法科高校的劣等生 S3,Animate,4/28/2025,"Animation, Action & Adventure, Sci-Fi & Fantasy",3,Finished,60833,The Irregular at Magic High School Season 3,
魔法科高校的劣等生 S2,Animate,4/27/2025,"Animation, Action & Adventure, Sci-Fi & Fantasy",3,Finished,60833,The Irregular at Magic High School Season 2,
獵補行動 S1,USA,4/19/2025,Other,4,Finished,247723,The Hunting Party Season 1,
黑鏡 S7,USA,4/19/2025,"Sci-Fi, Anthology, Drama",4,Finished,42009,Black Mirror Season 7,
119緊急呼救,Japan,4/2/2025,"Drama, Action & Adventure",3,Finished,278339,119 Emergency Call,
白宮殺人案件,USA,4/1/2025,Other,4,Finished,242054,The Residence,
似錦,China,3/23/2025,Drama,2,Finished,263043,Si Jin,
難哄,China,3/23/2025,Drama,3,Finished,250060,The First Frost,
我的完美祕書,Korea,2/19/2025,Other,4,Finished,233100,Love Scout,
少年間諜亞瑟 S3,England,2/12/2025,"Action & Adventure, Mystery",3,Finished,99799,Alex Rider Season 3,
少年間諜亞瑟 S2,England,2/10/2025,"Action & Adventure, Mystery",2,Finished,99799,Alex Rider Season 2,
少年間諜亞瑟 S1,England,2/8/2025,"Action & Adventure, Mystery",3,Finished,99799,Alex Rider Season 1,
月光花謀殺案,England,2/4/2025,Mystery,4,Finished,241548,Moonflower Murders,
喜鵲謀殺案,England,2/2/2025,Drama,4,Finished,130766,Magpie Murders,
我們假結婚吧,Japan,1/30/2025,Comedy,3,Finished,228919,Usokon,
我們陷入戀愛的理由,Japan,1/30/2025,Other,3,Finished,270655,The Reason We Fall In Love,
我們的餐桌,Japan,1/29/2025,Drama,4,Finished,222366,Our Dining Table,
暗夜情報員 S2,USA,1/28/2025,"Action, Drama, Thriller",3,Finished,129552,The Night Agent Season 2,
重症外傷中心,Korea,1/27/2025,Drama,4,Finished,217553,The Trauma Code: Heroes on Call,
我的ID是江南美人 泰國版,Thailand,1/26/2025,Other,3,Finished,232671,Beauty Newbie,
美妝搭檔情人,Japan,1/18/2025,Drama,3,Finished,259131,Cosmetic Playlover,
毒戀,Japan,1/18/2025,Drama and Mystery,3,Finished,259881,Love Is a Poison,
戀戀洗衣店 S2,Japan,1/17/2025,"Romance, Comedy",3,Finished,202985,Minato's Laundromat Season 2,
戀戀洗衣店 S1,Japan,1/14/2025,"Romance, Comedy",3,Finished,202985,Minato's Laundromat,
未成年,Japan,1/14/2025,Drama,4,Finished,272512,Our Youth,
謎探路德維希 S1,England,1/14/2025,Other,5,Finished,243360,Ludwig Season 1,
現在撥打的電話,Korea,1/4/2025,Drama,2,Finished,253905,When the Phone Rings,
暗夜情報員 S1,USA,1/3/2025,"Action, Drama, Thriller",4,Finished,129552,The Night Agent Season 1,
九重紫,China,12/28/2024,Drama,4,Finished,249972,Blossom,
全領域異常解決室,Japan,12/22/2024,Drama,4,Finished,261792,AARO -All-domain Anomaly Resolution Office-,
雙面騙子 虛偽警察 S1,Japan,12/9/2024,Other,3,Finished,247442,Double Cheat: Itsuwari no Keikan Season 1,
如寶物般的玻璃珠 ,Japan,12/8/2024,Drama,3,Finished,254724,Takara's Treasure,
媽媽朋友的兒子,Korea,12/2/2024,Drama,3,Finished,241454,Love Next Door,
體感預報,Japan,12/1/2024,Drama,2,Finished,230735,My Personal Weatherman,
重組家庭,Korea,11/28/2024,Drama,3,Finished,237565,Family by Choice,
預感訊號,Thailand,11/21/2024,Mystery,3,Finished,237411,The Sign,
超能異族,Korea,11/10/2024,"Mystery, Drama, Action & Adventure",4,Finished,126485,Moving,
從地獄來的法官,Korea,11/2/2024,Drama,3,Finished,235577,The Judge from Hell,
見面吧，就現在,China,10/29/2024,Comedy,4,Finished,209833,Let's Meet Now,
我們在黑夜中相擁,China,9/5/2024,Drama,3,Finished,254993,Embrace in the Dark Night,
你比星光美麗,China,8/23/2024,Drama,2,Finished,219915,As Beautiful As You,
私藏浪漫,China,8/20/2024,Drama,3,Finished,259698,You Are My Secret,
她的日與夜,Korea,8/12/2024,Sci-Fi & Fantasy,3,Finished,231749,Miss Night and Day,
你和我的警察課堂,Korea,8/11/2024,Other,3,Finished,126484,Rookie Cops,
墜落JK與廢人老師 S2,Japan,8/4/2024,"Romance, Comedy",4,Finished,222368,Falling High School Girl and Irresponsible Teacher Season 2,
墜落JK與廢人老師 S1,Japan,8/3/2024,"Romance, Comedy",4,Finished,222368,Falling High School Girl and Irresponsible Teacher Season 1,
商業婚姻―喜歡上了就離婚,Japan,7/30/2024,Comedy,3,Finished,257066,Business Marriage,
Blue Moment,Japan,7/11/2024,Drama,3,Finished,245840,Blue Moment,
Sugar sugar honey,Japan,6/30/2024,Drama,2,Finished,244588,Sugar Sugar Honey,
背著善宰跑,Korea,5/31/2024,Drama,4,Finished,230923,Lovely Runner,
完美求婚,Japan,5/20/2024,Drama,3,Finished,241756,Perfect Propose,
貴族高中：我們之間的鴻溝,Germany,5/13/2024,Other,4,Finished,250670,Maxton Hall - The World Between Us,
春色寄情人,China,5/1/2024,Drama,4,Finished,244621,Will Love In Spring,
排球少年 S3,Animate,4/28/2024,"Animation, Drama, Sport",5,Finished,60863,Haikyu!! Season 3,
排球少年 S4 P1,Animate,4/28/2024,"Animation, Drama, Sport",5,Finished,60863,Haikyu!! Season 4 P2,
排球少年 S4 P2,Animate,4/28/2024,"Animation, Drama, Sport",5,Finished,60863,Haikyu!! Season 4 P1,
排球少年 S2,Animate,4/28/2024,"Animation, Drama, Sport",5,Finished,60863,Haikyu!! Season 2,
排球少年 S1,Animate,4/28/2024,"Animation, Drama, Sport",5,Finished,60863,Haikyu!! Season 1,
十角館殺人案,Japan,3/29/2024,"Mystery, Crime",3,Finished,242331,The Decagon House Murders,
紅皇后,Spain,3/14/2024,Action&Adventure and Mystery,2,Give up,203667,Red Queen,
生存直播,Korea,3/1/2024,Drama,3,Finished,111724,Live On,
踮起腳尖靠近你,China,2/28/2024,Drama,2,Finished,234610,Just Dance,
請和我的老公結婚,Korea,2/28/2024,Drama,3,Finished,290160,Marry My Husband: Japan,
甜甜的陷阱,China,2/23/2024,Comedy and Drama,3,Finished,244813,Sweet Trap,
再次我的人生,Korea,2/16/2024,Drama,3,Finished,135654,Again My Life,
殺人者的難堪,Korea,2/11/2024,Crime,4,Finished,202783,A Killer Paradox,
歡迎回到三達里,Korea,1/24/2024,Drama,3,Finished,219651,Welcome to Samdal-ri,
偏偏動了心,China,1/22/2024,Drama,2,Finished,243435,Have a Crush On You,
我知道我愛你,China,1/13/2024,Drama,3,Finished,240947,I Love You,
烈女朴氏契約結婚傳,Korea,1/7/2024,Drama,3,Finished,220076,The Story of Park's Marriage Contract,
成了BL劇的主演,Japan,1/6/2024,Drama,2,Finished,241166,I Became the Main Role of a BL Drama,
春夜,Korea,12/28/2023,Drama,4,Finished,89604,One Spring Night,
無人島的Diva,Korea,12/21/2023,Comedy,4,Finished,216310,Castaway Diva,
完美的結婚公式,Korea,12/9/2023,Drama,3,Finished,230524,Perfect Marriage Revenge,
高良同學與天城同學,Japan,11/11/2023,Drama,2,Finished,205988,Takara-kun and Amagi-kun,
始於賭約的告別之戀,Japan,10/17/2023,Other,3,Finished,230834,A Farewell's Love That Begins with a Bet,
戀愛不可抗力,Korea,10/15/2023,Drama,3,Finished,215001,Destined with You,
蓮花樓,China,8/16/2023,Drama,4,Finished,230835,Mysterious Lotus Casebook,
獨家童話,China,8/12/2023,Drama,3,Finished,231306,Exclusive Fairytale,
一半的一半,Korea,8/5/2023,Drama,3,Finished,99112,A Piece of Your Mind,
偷偷藏不住,China,8/5/2023,Drama,4,Finished,210733,Hidden Love,
漢摩拉比小姐,Korea,8/3/2023,Drama,2,Finished,79342,Miss Hammurabi,
惡鬼,Korea,7/31/2023,Mystery and Drama,5,Finished,210702,Revenant,
愛情而已,China,7/30/2023,Drama,3,Finished,210580,Nothing But You,
突然回到十八歲,Korea,7/29/2023,Other,2,Finished,99654,18 Again,
再次相遇的世界,Korea,7/29/2023,Drama,3,Finished,72549,Reunited Worlds,
你喜歡勃拉姆斯嗎,Korea,7/25/2023,Drama,4,Finished,101857,Do You Like Brahms?,
當我飛奔向你,China,6/30/2023,Drama,5,Finished,228547,When I Fly Towards You,
觸及真心,Korea,6/19/2023,Comedy,3,Finished,85404,Touch Your Heart,
浪漫醫生金師傅 S3,Korea,6/19/2023,"Drama, Medical",4,Finished,68398,Dr. Romantic Season 3, 
你給我的喜歡,China,6/15/2023,Drama,4,Finished,225178,The Love You Give Me,
三分野,China,6/7/2023,Drama,3,Finished,226969,Here We Meet Again,
疑犯追蹤 S2,USA,5/31/2023,"Action, Sci-Fi, Mystery",4,Finished,1411,Person of Interest S2,
疑犯追蹤 S1,USA,5/25/2023,"Action, Sci-Fi, Mystery",3,Finished,1411,Person of Interest S1,
不良執念清除師,Taiwan,5/18/2023,Drama,5,Finished,202753,Oh No! Here Comes Trouble,
模範計程車 S1,Korea,5/9/2023,"Action, Crime",4,Finished,119769,Taxi Driver S1,
原來這就是愛啊,Korea,4/19/2023,Drama,3,Finished,215471,Call It Love,
青春月譚,Korea,4/15/2023,Drama,3,Finished,154889,Our Blooming Youth,
盲點 S1,USA,4/9/2023,"Action, Crime, Mystery",4,Finished,62710,Blindspot Season 1,
再遇兩個他,China,4/6/2023,Drama,2,Finished,226476,Meet With Two Souls,
Happiness,Korea,4/1/2023,"Drama, Action & Adventure, and Mystery",4,Finished,292318,Happiness,
魔王的不適任者～史上最強的魔王始祖，轉生就讀子孫們的學校,Animate,3/23/2023,Animation,1,Finished,97617,The Misfit of Demon King Academy,
重啟人生,Japan,3/21/2023,"Drama, Comedy, and Sci-Fi & Fantasy",4,Finished,215197,Rebooting,
驅魔者,Korea,3/15/2023,"Mystery, Drama, and Sci-fi & Fantasy",3,Finished,83437,Priest,
黑暗榮耀 S2,Korea,3/10/2023,Other,5,Finished,136283,The Glory,
靜雪,Japan,3/9/2023,Drama,5,Finished,210444,Silent,
小神的孩子們,Korea,3/8/2023,Crime,4,Finished,76619,Children of A Lesser God,
浪漫速成班,Korea,3/3/2023,Drama,3,Finished,202318,Crash Course in Romance,
致美麗的我們,Korea,2/27/2023,Other,3,Finished,114395,A Love So Beautiful,
魔鬼神探 S1,USA,2/25/2023,Other,4,Finished,63174,Lucifer S1,
特殊失蹤專案組：失蹤的黑色M,Korea,2/22/2023,Crime,3,Finished,62449,Missing Noir M,
變成你的那一天,China,2/15/2023,Drama,3,Finished,127668,The Day of Becoming You,
我遲到了這麼多年,China,2/6/2023,Other,3,Finished,217770,Never Too Late,
時光與他，恰是正好,China,2/6/2023,Drama,3,Finished,217048,Time and Him are Just Right,
第九節課,Taiwan,2/5/2023,Drama,3,Finished,201672,Lesson in Love,
浪漫醫生金師傅 S2,Korea,2/1/2023,"Drama, Medical",4,Finished,68398,Dr. Romantic Season 2,
點燃我，溫暖你,China,1/30/2023,Drama,4,Finished,134331,Lighter and Princess,
向風而行,China,1/20/2023,Drama,3,Finished,217038,Flight To You,
終極筆記,China,1/14/2023,Drama,4,Finished,114497,Ultimate Note,
消失的初戀,Japan,12/26/2022,Drama and Comedy,4,Finished,135929,My Love Mix-Up!,
經典杯子蛋糕,Japan,12/26/2022,Drama,3,Finished,203990,Old Fashion Cupcake,
一二三木頭人,China,10/17/2022,Drama,2,Finished,211332,Smile to Life,
食人魔達摩,USA,10/8/2022,Other,3,Finished,113988,Dahmer – Monster: The Jeffrey Dahmer Story,
虛顏,China,10/5/2022,Drama,3,Finished,210851,A Familiar Stranger,
魔法俏佳人傳奇 S2,USA,10/1/2022,Other,3,Finished,97175,Fate: The Winx Saga Season 2,
別惹前女友,China,9/19/2022,Comedy,3,Finished,209101,Don't Mess With EX-Girlfriend,
成人練習生,Korea,9/14/2022,Comedy,3,Finished,137467,Adult Trainee,
OCTO～感情搜查官 心野朱梨～,Japan,9/13/2022,Crime,3,Finished,203663,Octo: Emotional Investigator Shinno Akari,
潘多拉的果實~科學犯罪搜查檔案~ S2,Japan,9/2/2022,Other,4,Finished,194818,Pandora's Fruit S2,
潘多拉的果實~科學犯罪搜查檔案~ S1,Japan,9/2/2022,Other,4,Finished,194818,Pandora's Fruit S1,
關於唐醫生的一切,China,8/29/2022,Drama,4,Finished,204839,Dr. Tang,
非常律師禹英禑,Korea,8/25/2022,Drama,4,Finished,197067,Extraordinary Attorney Woo,
就算是爸爸也想做,Animate,8/23/2022,Animation,2,Finished,85588,"Papa datte, Shitai",
爆肝工程師的異世界狂想曲,Animate,8/23/2022,Animation,3,Finished,76122,Death March to the Parallel World Rhapsody,
SPEC,Japan,8/16/2022,"Sci-Fi & Fantasy, Drama, and Comedy",4,Finished,45923,SPEC~First BLood,
Link：盡情吃，用力愛,Korea,7/31/2022,Drama,4,Finished,155231,"Link: Eat, Love, Kill",
夜色傾心,China,7/20/2022,Drama,3,Finished,205289,Night of Love With You,
黑幫少爺愛上我,Thailand,7/11/2022,Action & Adventure,3,Finished,117067,KinnPorsche: The Series,
金田一少年事件簿 第五代,Japan,7/6/2022,Other,2,Finished,194852,The Files of Young Kindaichi,
解讀惡之心的人,Korea,7/4/2022,Crime,3,Finished,146102,Through the Darkness,
ON-異常犯罪搜查官．藤堂比奈子 S1,Japan,6/28/2022,Other,4,Finished,67640,"Atypical Crime Investgator, Hinako Todo",
法醫秦明之讀心者,China,6/21/2022,Drama,3,Finished,202461,Medical Examiner Dr. Qin - The Mind Reader,
永遠的第一名,Taiwan,6/17/2022,Drama,3,Finished,116175,We Best Love,
戀愛修課,England,6/2/2022,Drama,4,Finished,124834,Heartstopper,
少年法庭,Korea,5/23/2022,Drama,4,Finished,112833,Juvenile Justice,
平凡職業造就世界最強,Animate,5/16/2022,Animation,3,Finished,86034,Arifureta: From Commonplace to World's Strongest,
想見你,Taiwan,5/9/2022,"Mystery, Sci-Fi & Fantasy, and Drama",4,Finished,95717,Someday or One day,
待到重逢時,Thailand,5/4/2022,Drama,2,Finished,95279,Until We Meet Again,
與愛同居,Thailand,5/3/2022,Drama,2,Finished,93975,TharnType,
兩小無拆,Thailand,5/2/2022,Comedy,3,Finished,122009,Bad Buddy,
勿言推理,Japan,4/27/2022,Drama,4,Finished,126849,Don't Call It Mystery,
明天也想見到你,China,4/23/2022,Drama,3,Finished,197438,See You Tomorrow,
社內相親,Korea,4/20/2022,Comedy and Drama,4,Finished,154825,Business Proposal ,
我變成野獸的夜晚 S1,Japan,4/14/2022,Other,3,Finished,128296,The Night I Became An Animal Season 1,
我變成野獸的夜晚 S2,Japan,4/14/2022,Other,2,Finished,128296,The Night I Became An Animal Season 2,
氣象廳的人們,Korea,4/7/2022,Drama,3,Finished,152511,Forecasting Love and Weather,
品酒要在成為夫妻後,Animate,4/3/2022,Animation,3,Finished,74182,Love Is Like a Cocktail,
美麗的他 S1,Japan,4/3/2022,Other,5,Finished,138385,My Beautiful Man Season 1,
獵罪圖鑑,China,4/3/2022,Drama,4,Finished,139797,Under The Skin,
餘生請多指教,China,4/2/2022,Drama,4,Finished,95044,The Oath of Love,
不正經的魔術講師與禁忌教典,Animate,3/30/2022,Animation,4,Finished,70637,Akashic Records of Bastard Magic Instructor,
長公主在上,China,3/29/2022,Drama,3,Finished,212373,Her Royal Highness,
守護解放西 S1,Variety show,3/28/2022,Other,4,Finished,103397,Guarding JieFangXi,
金田一少年事件簿 S3,Japan,3/26/2022,Other,3,Finished,67492,The Files of Young Kindaichi Neo,
迷心愛痕,Thailand,3/18/2022,Other,3,Finished,139460,Rang Rak Prang Jai,
小太郎獨自生活,Animate,3/17/2022,Other,4,Finished,134581,Kotaro Lives Alone,
轉生成女性向遊戲只有毀滅end的壞人大小姐 S1,Animate,3/16/2022,Other,4,Finished,94904,My Next Life as a Villainess: All Routes Lead to Doom!,
鄰座的怪同學,Animate,3/14/2022,Animation,4,Finished,46041,My Little Monster,
不會戀愛的我們,China,3/6/2022,Comedy,3,Finished,157255,Why Women Love,
謊言使用法則,China,3/5/2022,Other,2,Finished,156172,Better a Lie Than a Truth,
一閃一閃亮星星,China,3/4/2022,Mystery and Drama,3,Finished,156103,Shining For One Thing,
沉睡花園,China,2/11/2022,Drama,4,Finished,152674,Dream Garden,
今生有你,China,2/5/2022,Drama,3,Finished,155877,Because of Love,
那年，我們的夏天,Korea,2/1/2022,Comedy,4,Finished,135897,Our Beloved Summer,
尋骨線索 S6,USA,1/31/2022,Other,4,Finished,1911,Bones Season 6,
開端,China,1/28/2022,"Drama, Mystery, and Sci-Fi & Fantasy",5,Finished,155441,Reset,
尋骨線索 S5,USA,1/22/2022,Other,4,Finished,1911,Bones Season 5,
如果聲音有記憶,China,1/19/2022,Drama,3,Finished,128726,If the Voice Has Memory,
尋骨線索 S4,USA,1/13/2022,Other,4,Finished,1911,Bones Season 4,
記得你,Korea,1/11/2022,Mystery and Drama,3,Finished,62933,I Remember You,
尋骨線索 S3,USA,1/7/2022,Other,4,Finished,1911,Bones Season 3,
尋骨線索 S2,USA,1/6/2022,Other,4,Finished,1911,Bones Season 2,
尋骨線索 S1,USA,1/3/2022,Other,4,Finished,1911,Bones Season 1,
戀慕,Korea,1/1/2022,Drama,4,Finished,129478,The King's Affection,
不良少年與白手杖女孩,Japan,12/31/2021,Drama,3,Finished,135309,Love's in Sight!,
憂鬱症,Korea,12/31/2021,Drama,4,Finished,127527,Melancholia,
覆活,Taiwan,12/30/2021,Mystery,3,Finished,101363,Amensalism,
飛翔情報室,Japan,12/27/2021,Drama,4,Finished,53441,Public Affairs Office in the Sky,
夜色暗湧時,China,12/25/2021,Drama,3,Finished,138221,Love at Night,
魯邦的女兒 S2,Japan,12/25/2021,Other,2,Finished,92154,Daughter of Lupin Season 2,
魯邦的女兒 S1,Japan,12/24/2021,Other,2,Finished,92154,Daughter of Lupin Season 1,
放射治療室 S2,Japan,12/23/2021,Other,3,Finished,88264,Radiation House Season 2,
女心理師,China,12/20/2021,Drama,3,Finished,129201,Psychologist,
天才神秘會社,USA,12/18/2021,Family,3,Finished,104359,The Mysterious Benedict Society,
犯罪心理 S2,USA,12/14/2021,Other,4,Finished,4057,Criminal Minds Season 2,
犯罪心理 S1,USA,12/12/2021,Other,4,Finished,4057,Criminal Minds Season 1,
女高推理班 S1,Variety show,12/7/2021,Other,3,Finished,116013,High School Mystery Club Season 1,
大逃脫 S4,Variety show,12/6/2021,Other,4,Finished,80585,The Great Escape Season 4,
紅天機,Korea,11/27/2021,Drama,4,Finished,117896,Lovers of the Red Sky,
大逃脫 S3,Variety show,11/11/2021,Other,4,Finished,80585,The Great Escape Season 3,
只是結婚的關係,China,11/9/2021,Comedy,4,Finished,135349,Once We Get Married,
夢見獅子,China,10/31/2021,Drama,3,Finished,135505,Out of the Dream,
校對女王,Japan,10/24/2021,Comedy,4,Finished,68952,Pretty Proofreader,
惡魔戀歌,Japan,10/22/2021,Other,2,Finished,123786,A Devil and Her Love Song,
少女女巫斗心,Korea,10/9/2021,Other,3,Finished,129096,The Great Shaman Ga Doo-shim,
警察學院,Korea,10/8/2021,Drama,3,Finished,11546,Police Academy: Mission to Moscow,
程序員那麼可愛,China,10/8/2021,Comedy,2,Finished,133060,Cute Programmer,
愛情幻影,Japan,10/8/2021,Drama,2,Finished,123545,Love is Phantom,
惡黨 加害者追蹤調查,Japan,10/6/2021,Drama,3,Finished,93820,Villain: Perpetrator Chase Investigation,
准教授‧高槻彰良的推測,Japan,10/5/2021,Mystery,3,Finished,130600,Associate Professor Akira Takatsuki's Inference,
打扮戀愛是有理由的,Japan,10/4/2021,Drama,4,Finished,123491,Why I Dress Up for Love,
世界微塵里,China,10/2/2021,Drama,3,Finished,128715,Sweet Teeth,
一生一世,China,10/2/2021,Drama,4,Finished,130107,Forever and Ever,
你好火焰藍,China,10/1/2021,Action & Adventure,3,Finished,128699,The Flaming Heart,
魷魚遊戲,Korea,9/30/2021,"Action & Adventure, Mystery, and Drama",3,Finished,93405,Squid Game,
大逃脫 S2,Variety show,9/26/2021,Other,4,Finished,129096,The Great Escape Season 2,
1%的可能性,Korea,9/26/2021,Comedy,3,Finished,67802,Something About 1%,
大逃脫 S1,Korea,9/20/2021,Other,3,Finished,129096,The Great Escape Season 1,
沙風暴,Thailand,9/20/2021,Drama,2,Finished,125362,Destiny of Us,
Tokyo MER 行動急診室,Japan,9/14/2021,Drama,4,Finished,128163,TOKYO MER: Mobile Emergency Room,
珠光璀璨,Thailand,9/12/2021,Drama,3,Finished,125381,Praomook,
喵 請許願,China,9/10/2021,Comedy,3,Finished,128698,Make a Wish,
薄荷之夏,China,9/9/2021,Drama,3,Finished,128927,Summer Again,
周生如故,China,9/8/2021,Drama,5,Finished,129117,One and Only,
46天婚禮大作戰,Thailand,9/5/2021,Drama,3,Finished,128747,46 Days,
烏鴉小姐與蜥蜴先生,China,9/5/2021,Drama,3,Finished,124268,Miss Crow with Mr. Lizard,
暗格里的秘密,China,9/3/2021,Drama,4,Finished,130822,Our Secret,
你微笑時很美,China,8/20/2021,Comedy,3,Finished,95486,Falling Into Your Smile,
你是我的榮耀,China,8/17/2021,Comedy,5,Finished,127493,You Are My Glory,
賀先生的戀戀不忘,China,8/5/2021,Drama,4,Finished,128926,Unforgettable Love,
親愛的戎裝,China,7/4/2021,Other,3,Finished,126723,My Dear Guardian,
御前小仵作,China,5/23/2021,Other,4,Finished,124595,The Imperial Coroner Season 1,
他在逆光中告白,China,5/11/2021,Drama and Action & Adventure,3,Finished,123358,Mysterious Love,
良辰美景好時光,China,5/7/2021,Comedy,4,Finished,100962,Love Scenery,
機動搜查隊 MIU404,Japan,4/30/2021,Crime,4,Finished,106524,MIU404,
親愛的檸檬精先生,China,4/24/2021,Mystery,3,Finished,122696,Plot Love,
堀與宮村,Japan,4/22/2021,"Animation, Comedy, and Drama",3,Finished,228663,Horimiya: The Missing Pieces,
剛剛三十歲,Korea,4/16/2021,Comedy and Drama,2,Finished,118931,How to Be Thirty,
原來你是這樣的顧先生,China,4/16/2021,Drama,3,Finished,122111,Hello Mr. Gu,
羅密歐方程式,China,4/13/2021,Drama,2,Finished,121222,Two Souls in One,
我家女兒交不到男友,Japan,4/12/2021,Drama,4,Finished,113982,Date My Daughter!,
不能犯規的遊戲,China,4/11/2021,Other,3,Finished,120875,No Foul Game,
你是我的城池營壘,China,4/9/2021,Drama,5,Finished,117987,You Are My Hero,
暗戀橘生淮南,China,4/9/2021,Drama,3,Finished,104982,Unrequited Love ,
司藤,China,4/8/2021,Sci-Fi & Fantasy,3,Finished,120199,Rattan,
3B的戀人,Japan,4/7/2021,Drama,3,Finished,116406,The 3Bs You Shouldn’t Date,
絕對會變成BL的世界 VS 絕不想變成BL的男人,Japan,4/1/2021,Comedy and Drama,3,Finished,121926,A Man Who Defies the World of BL,
Voice,Korea,3/31/2021,Crime and Drama,4,Finished,95852,Voice,
別想打擾我學習,China,3/23/2021,Drama,3,Finished,120561,Don't Disturb My Study,
Red Eyes 監視搜查班,Japan,3/21/2021,Crime,3,Finished,117196,Red Eyes,
戀愛隨書附贈,Japan,3/21/2021,Other,4,Finished,116644,Oh! My Boss! Love not included,
暴風眼,China,3/16/2021,"Drama, Crime, and Mystery",3,Finished,90701,Storm Eye,
驅魔麵館 S1,Korea,3/16/2021,Other,5,Finished,113268,The Uncanny Counter Season 1,
我們的戀愛太糟了,Japan,3/13/2021,Drama,3,Finished,110630,We Are Too Clumsy About Love,
玲瓏狼心,China,3/11/2021,Drama,3,Finished,119042,The Wolf Princess,
前輩，請不要塗口紅,Korea,3/9/2021,Other,3,Finished,113965,She Would Never Know,
亡者之謎,Thailand,3/8/2021,"Crime, Mystery, Drama",3,Finished,113330,Manner of Death,
我的時代，你的時代,China,3/2/2021,Drama,4,Finished,116133,Go Go Squid 2: Dt.Appledog's Time,
灰姑娘上線啦,Japan,2/20/2021,Drama,2,Finished,116978,Cinderella Is Online,
拆案,China,2/18/2021,Mystery,3,Finished,115080,The Case Solver,
推理筆記,China,2/18/2021,Mystery,3,Finished,90732,Inference Notes,
來自海洋的你,China,2/17/2021,Other,3,Finished,96637,My Love From The Ocean,
如此可愛的我們,China,2/14/2021,Comedy,4,Finished,106740,Lovely Us,
白夜追凶,China,2/14/2021,Crime,4,Finished,73982,Day and Night,
原來時光都記得,China,2/13/2021,Drama,3,Finished,117278,"Always Have, Always Will",
悄悄地喜歡你,China,2/12/2021,Drama,3,Finished,120760,By Stealth Like You,
我有特殊溝通技巧,China,2/12/2021,Mystery,3,Finished,113990,My Supernatural Power,
女神降臨,Korea,2/5/2021,Comedy and Drama,5,Finished,112888,True Beauty,
七日羅曼史 S2,Korea,1/31/2021,Other,3,Finished,117058,7 Days of Romance Season 2,
七日羅曼史 S1,Korea,1/31/2021,Other,4,Finished,117058,7 Days of Romance Season 1,
魔法俏佳人傳奇 S1,USA,1/30/2021,Other,5,Finished,97175,Fate: The Winx Saga Season 1,
姊姊的小狼友,China,1/28/2021,Other,1,Finished,302798,姊姊的小狼友,
心靈法醫,China,1/28/2021,Drama,3,Finished,96530,The Listener,
我的小確幸,China,1/27/2021,Drama,4,Finished,116328,My Little Happiness,
蝸牛與黃鸝鳥,China,1/26/2021,Drama,3,Finished,104983,Symphony's Romance,
初戀是CV大神,China,1/25/2021,Drama,2,Finished,116923,First Love It's You,
新婚甜心是同事,Japan,1/8/2021,Comedy,4,Finished,112403,In-House Marriage Honey,
離人心上,China,1/3/2021,Drama,3,Finished,107108,The Sleepless Princess,
百歲之好，一言為定,China,1/1/2021,Drama,4,Finished,114670,Forever Love,
到了三十歲還是處男，似乎會變成魔法師,Japan,1/1/2021,Other,5,Finished,111204,Cherry Magic! Thirty Years of Virginity Can Make You a Wizard?!,
直到天空迎來太陽,Thailand,12/25/2020,Drama,4,Finished,113392,My Forever Sunshine,
今際之國的闖關者,Japan,12/18/2020,"Mystery, Drama, and Action & Adventure",5,Finished,110316,Alice in Borderland Season 1,
從結婚開始戀愛,China,12/14/2020,Drama,3,Finished,112280,Begin Again,
重生之愛,Thailand,12/8/2020,Other,4,Finished,110914,The Last Promise,
如意芳霏,China,12/3/2020,Drama and Mystery,3,Finished,111615,The Blooms at Ruyi Pavilion,
謝謝讓我遇見你,China,11/28/2020,Drama,4,Finished,111762,Meeting You,
超時空戀人,China,11/19/2020,Drama,3,Finished,113277,Oh My Drama Lover,
再次十八歲,Korea,11/11/2020,Drama,5,Finished,99654,18 Again,
陪你到世界之巔,China,11/2/2020,Drama,3,Finished,90504,Gank Your Heart,
半是蜜糖半是傷,China,11/2/2020,Drama,4,Finished,110632,Love is Sweet,
少女大人,China,11/1/2020,"Action & Adventure, Mystery, and Comedy",3,Finished,108321,Maiden Holmes,
全世界最好的你,China,10/30/2020,Drama,4,Finished,101724,The Best of You in My Mind,
雖然是神經病但沒關係,Korea,8/9/2020,Other,5,Finished,96462,It’s Okay to not Be okay,
The King：永遠的君主,Korea,6/16/2020,Sci-Fi & Fantasy,4,Finished,93846,The King: Eternal Monarch,
她很漂亮,Korea,6/16/2020,Comedy and Drama,3,Finished,63767,She Was Pretty,
我的男孩,Taiwan,6/15/2020,Drama and Comedy,2,Finished,76510,My Dear Boy,
初戀那件小事,China,6/14/2020,Comedy,3,Finished,95100,A Little Thing Called First Love,
極道千金,Taiwan,6/14/2020,Comedy,2,Finished,96049,Triad Princess,
初戀那一天所讀的故事,Japan,6/12/2020,Drama,3,Finished,86066,A Story to Read When You First Fall in Love,
你成功地引起了我的注意,China,6/12/2020,Other,4,Finished,103809,My Dear Lady,
G弦上的詠嘆調,Japan,6/12/2020,Other,3,Finished,96149,You and I on the G-string,
重啟,Japan,,Sci-Fi & Fantasy,,,122424,Reboot,
冬日的什麼呀,Japan,,Drama,,,307682,Sounds of Winter,
被女孩子逆推不行嗎,Japan,,Comedy,,,313902,Ladies on Top,
韓國製造,Korea,,Drama,,,1561687,Made in Korea,
戀愛恐懼症,Korea,,"Comedy, Sci-Fi & Fantasy",,,289690,Love Phobia,
認罪之罪,Korea,,"Mystery, Drama",,,209110,The Price of Confession,
依然閃亮,Korea,,Drama,,,276472,Still Shining,
榮耀 他們的法庭,Korea,,"Crime, Mystery, Drama",,,287346,Honour,
魔女之吻,Korea,,"Drama, Crime, Mystery",,Watching,310800,Siren's Kiss,
親愛的盜賊大人,Korea,,"Sci-Fi & Fantasy, Comedy, and Drama",,,301886,To My Beloved Thief,
今天開始是人類,Korea,,"Sci-Fi & Fantasy, Comedy, Drama",,,270420,No Tail to Tell,
愛情怎麼翻譯,Korea,,"Drama, Comedy",,,229891,Can This Love Be Translated?,
給你宇宙,Korea,,"Comedy, Drama",,Watching,297424,Our Universe,
在你燦爛的季節,Korea,,"Mystery, Drama, Family",,,233833,In Your Radiant Season,
沙拉的真偽人生,Korea,,"Crime, Mystery, and Drama",,,273977,The Art of Sarah,
成何體統,China,,"Drama, Mystery, Comedy",,,280632,How Dare You!?,
唐宮奇案之青霧鳳鳴,China,,Drama and Mystery,,,278127,Unveil: Jadewind,
除惡,China,,"Crime, Mystery",,,281495,The Devil Between Us,
在你眉梢種紅豆,China,,Drama,,,292367,Seeds of Scarlet Longing,
江湖夜雨十年燈,China,,"Drama, Action & Adventure, Mystery",,,262932,Generation to Generation,
純真年代的愛情,China,,Drama,,,287760,Love Story in the 1970s,
訂閱男友,Korea,,"Comedy, Sci-Fi & Fantasy, Drama",,,281016,Boyfriend on Demand,
玫瑰叢生,China,,"Drama, Mystery",,,240446,About Love,
逐玉,China,,Drama,,Watching,279388,Pursuit of Jade,
剝繭,China,,"Drama, Mystery, Crime",,,273112,The Truth Within,
雙軌,China,,Drama,,,279041,Speed and Love,
你旁觀的罪,Korea,,"Crime, Drama, Mystery",,,271885,As You Stood By,
月亮在江邊流淌,Korea,,"Drama, Mystery, Comedy",,,274570,Moon River,
一吻爆炸,Korea,,"Drama, Comedy",,,281013,Dynamite Kiss,
枭起青壤,China,,"Mystery, Action & Adventure",,,249971,Love on the Turquoise Land,
狙擊蝴蝶,China,,Drama,,Watching,263048,Sniper Butterfly,
驕陽似我,China,,Drama,,,278577,Shine on Me,
我的青春,Korea,,Drama,,,114557,Twenty Again,
螳螂,Korea,,Drama,,,154209,螳螂,
行騙天下ＫＲ,Korea,,"Crime, Comedy, Drama",,,259710,Confidence Queen,
第一夫人,Korea,,"Drama, Family",,,99070,The First Lady,
濁流之爭,Korea,,"Drama, Action & Adventure",,,230926,The Murky Stream,
善良的女人夫世美,Korea,,"Crime, Drama",,,275593,Ms. Incognito,
許願吧精靈,Korea,,"Sci-Fi & Fantasy, Comedy, Drama",,,228689,"Genie, Make a Wish",
颱風商社,Korea,,Drama,,,280946,Typhoon Family,
靈指,Korea,,"Drama, Sci-Fi & Fantasy, Crime",,,5639,Pushing Daisies,
最後的夏天,Korea,,"Drama, Comedy",,,261902,Last Summer,
親愛的Ｘ,Korea,,"Drama, Crime",,Watching,256226,Dear X,
操控遊戲,Korea,,"Crime, Drama",,,239385,The Manipulated,
月亮在江邊流淌,Korea,,"Drama, Mystery, Comedy",,,274570,Moon River,
一吻爆炸,Korea,,"Drama, Comedy",,,281013,Dynamite Kiss,
第四次愛情革命,Korea,,"Comedy, Drama",,,303748,LOVE.exe,
不眠日,China,,"Drama, Mystery, Crime, Action & Adventure",,,279322,Mobius,
吳邪私家筆記,China,,"Action & Adventure, Mystery",,,294443,Time Raiders,
許我耀眼,China,,Drama,,,256920,Love's Ambition,
一笑隨歌,China,,"Drama, Mystery",,,272484,Fated Hearts,
入青雲,China,,"Drama, Sci-Fi & Fantasy",,,262928,Love in the Clouds,
宴遇永安,China,,Drama,,,273274,Yummy Yummy Yummy,
餘生有涯,China,,Drama,,,273125,Light Beyond the Reed,
重影,China,,"Drama, Mystery",,,282905,Persona,
錦月令,China,,Drama,,,289852,Moonlit Order,
山河枕,China,,Drama,,,263044,Fight for Love,
初戀Dogs,Japan,,Drama,,,290788,Love Is for the Dogs,
黑律師的癡情,Japan,,Other,,,,黑律師的癡情,
灰姑娘的魔法衣櫥,Japan,,Drama,,,293431,Cinderella Closet,
DOPE麻藥取締部,Japan,,Drama,,,290209,DOPE Narcotics Control Department Special Investigation Unit,
第19份病例簿,Japan,,Drama,,,293432,The 19th Medical Chart,
能面檢察官,Japan,,Mystery,,,293441,Nomen Kenji,
玻璃之心,Japan,,Drama,,,247670,Glass Heart,
芭尼與哥哥們,Korea,,Comedy and Drama,,,262828,Crushology 101,
鬼宮,Korea,,Other,,,270599,裸の大将 宮崎編〜宮崎の鬼が笑うので〜,
24小時健身房,Korea,,"Drama, Comedy",,,260555,Pump Up the Healthy Love,
比天堂還美麗,Korea,,"Sci-Fi & Fantasy, Drama",,,254389,Heavenly Ever After,
離婚保險,Korea,,"Drama, Comedy",,,258764,The Divorce Insurance,
吞金,Korea,,"Drama, Mystery",,,224819,Dear Hongrang,
未知的首爾,Korea,,Drama,,,261980,Our Unwritten Seoul,
善良的他,Korea,,"Drama, Family",,,211224,The Nice Guy,
瑞草洞,Korea,,Drama,,,273418,Law and the City,
S-line,Korea,,"Sci-Fi & Fantasy, Drama, Mystery",,,232402,S Line,
夢想成為律師的律師們,Korea,,Drama,,,281004,Beyond the Bar,
十二使者,Korea,,"Sci-Fi & Fantasy, Action & Adventure, Drama",,,274875,Twelve,
折腰,China,,Drama,,,220269,The Prisoner of Beauty,
開畫 少女漫,China,,"Drama, Comedy",,,253769,The Comic Bang,
陷入我們的熱戀,China,,"Drama, Soap",,,259857,Be Passionately in Love,
煥羽,China,,"Drama, Mystery",,,255483,Reborn,
桃花映江山,China,,Drama,,,257010,The Princess's Gambit,
櫻桃琥珀,China,,Drama,,,261128,Our Generation,
愛的方程式,China,,Drama,,,295994,Love Formula,
定風波,China,,Drama,,,1505668,Ding Feng Po,
愛的學校,Japan,,Drama,,Watching,292126,Learning to Love,
我奪走了男主的初夜,Korea,,"Sci-Fi & Fantasy, Comedy, Drama",,Watching,278331,The First Night with the Duke,
牽牛和仙女,Korea,,"Sci-Fi & Fantasy, Drama, Comedy",,Watching,258025,Head Over Heels,
暴君的廚師,Korea,,"Drama, Sci-Fi & Fantasy",,Watching,280945,"Bon Appétit, Your Majesty",
魷魚遊戲S3,Korea,,"Action & Adventure, Mystery, and Drama",,,93405,Squid Game Season 3,
我在頂峰等你,China,,Drama,,Watching,270432,Summit of Our Youth,
書捲一夢,China,,Drama,,,253193,A Dream Within A Dream,
深情眼,China,,"Drama, Mystery",,Watching,284430,Deep Affection Eyes,
朝雪錄,China,,"Drama, Mystery",,,240445,Coroner's Diary,
利劍 玫瑰,China,,"Crime, Mystery",,,257787,Sword Rose,
與晉長安,China,,Drama,,,253093,Shadow Love,
錦月如歌,China,,Drama,,,240686,Legend of the Female General,
子夜歸,China,,"Drama, Sci-Fi & Fantasy",,,242762,Moonlit Reunion,
十二封信,China,,"Drama, Mystery, Sci-Fi & Fantasy",,,263292,Twelve Letters,
寶物島,Korea,,"Crime, Mystery, Drama",,,271309,Buried Hearts,
鬼宮,Korea,,Other,,,270599,裸の大将 宮崎編〜宮崎の鬼が笑うので〜,
格罗斯波因特园艺社群,USA,,"Drama, Mystery, Crime",,,259454,Grosse Pointe Garden Society,
光淵,China,,"Drama, Mystery, Crime, Sci-Fi & Fantasy",,,131037,Justice in the Dark,
愛情發芽中,Korea,,"Comedy, Drama",,,254391,The Potato Lab,
借命而生,China,,Crime and Drama,,,261592,A life for a life,
值得愛,China,,Drama,,,258070,Such a Good Love,
点燃,Japan,,Drama,,,134331,Lighter and Princess,
魔物,Japan,,"Action & Adventure, Animation",,,43564,Devil Hunter Yohko,
天久鹰央的推理病历表,Japan,,"Drama, Mystery",,,287349,Ameku M.D.: Doctor Detective,
玛洛谋杀俱乐部第1季,England,5/7/2026,Mystery and Drama,3,Finished,228079,The Marlow Murder Club,
吃饭跑步和恋爱,China,,Drama,,,255095,Eat Run Love,
白日夢與他,China,,Drama,,,160075,Nobody's Daughter Haewon,
請再和我結婚吧,China,,Drama,,,286445,Marry Me Again,
苦盡甘來遇見你,Korea,,Drama,,,219246,When Life Gives You Tangerines,
惡緣,Korea,,"Crime, Drama",,,233686,Karma,
波光和煦夫妻良辰,Japan,,"Drama, Comedy",,Watching,287338,A Calm Sea and Beautiful Days with You,
榜上佳婿,China,,Drama,,,252920,Serendipity,
幸福加菜子的快樂殺手生活,Japan,,"Comedy, Action & Adventure, and Drama",,,253797,Happy Kanako's Killer Life,
家族計劃,Korea,,"Drama, Crime, Comedy, Mystery",,,236356,Family Matters,
魷魚遊戲S2,Korea,,"Action & Adventure, Mystery, and Drama",,,93405,Squid Game Season 2,
那傢伙是黑炎龍,Korea,,"Comedy, Drama",,,259015,My Dearest Nemesis,
協商的技術,Korea,,Drama,,,255298,The Art of Negotiation,
新烏托邦,Korea,,"Sci-Fi & Fantasy, Action & Adventure, Comedy, Drama",,,233742,Newtopia,
狂醫魔徒,Korea,,"Drama, Crime",,Not start,245079,Hyper Knife,
濾鏡,China,,"Sci-Fi & Fantasy, Drama",,,243081,Filter,
噓 國王在冬眠,China,,Drama,,,247207,Ski into Love,
黑社會的我成為了高中生,Korea,,Sci-Fi & Fantasy and Drama,,,224030,High School Return of a Gangster,
照明商店,Korea,,"Drama, Mystery, Fantasy",,,1193640,Love Life Light,
學習小組,Korea,,"Action & Adventure, Comedy, and Drama",,Watching,233347,Study Group,
寶物島,Korea,,"Crime, Mystery, Drama",,,271309,Buried Hearts,
我們的浪漫電影,Korea,,"Comedy, Drama",,,243964,Melo Movie,
魔女,Korea,,"Animation, Action & Adventure, Drama, Sci-Fi & Fantasy",,,19836,Magical Girl Lyrical Nanoha,
臥底高中,Korea,,"Action & Adventure, Comedy, Drama",,,248244,Undercover High School,
善意的競爭,Korea,,"Mystery, Drama",,,259288,Friendly Rivalry,
愛情發芽中,Korea,,"Comedy, Drama",,,254391,The Potato Lab,
失笑,China,,Drama,,,253767,Smile Code,
白夜破曉,China,,"Crime, Drama, and Mystery",4,Finished,73982,Day and Night,
我是刑警,China,,"Crime, Drama",,,233971,We Are Criminal Police,
蜀錦人家,China,,Drama,,,258463,Brocade Odyssey,
獵罪圖鑑2,China,,"Drama, Mystery, Crime",,,139797,Under The Skin,
我將喜歡告訴了風,China,,Drama,,,273128,Chasing the Wind,
奪取,China,,Other,,,1660220,Namba Financial Fraud: The Worst Brothers in History 2 – Extorting Compensation,
再次人生,China,,"Drama, Sci-Fi & Fantasy",,,282261,Live or Love?,
五福臨門,China,,Comedy,,,1198100,Five Blessings in a Row,
白色橄欖樹,China,,"Drama, Action & Adventure",,,252774,The White Olive Tree,
漫影尋蹤,China,,"Action & Adventure, Mystery, Drama",,,232610,Back for You,
心靈迷霧,China,,"Mystery, Drama, Crime",,,283490,Lies Never Lie,
光淵,China,,"Drama, Mystery, Crime, Sci-Fi & Fantasy",,,131037,Justice in the Dark,
濾鏡,China,,"Sci-Fi & Fantasy, Drama",,,243081,Filter,
隔壁的護士助理,Japan,,"Drama, Comedy",,Watching,241747,Nursing Aide at Your Side,
冬至,China,,"Drama, Mystery",,Give up,243028,Love Song in Winter,
凌晨兩點的灰姑娘,Korea,,"Drama, Comedy",,,233349,Cinderella at 2AM,
貞淑的推銷,Korea,,"Drama, Comedy",,,255086,A Virtuous Business,
正年,Korea,,Drama,,,73625,Nothing Gold Can Stay,
如此親密的背叛者,Korea,,"Drama, Crime, Mystery",,,240942,Doubt,
錦繡安寧,China,,Drama,,,229036,The Rise of Ning,
七夜雪,China,,"Drama, Sci-Fi & Fantasy, Action & Adventure",,,263037,Snowy Night Timeless Love,
珠簾玉幕,China,,Drama,,,240440,The Story of Pearl Girl,
你的謊言也動聽,China,,Drama,,,255074,A Beautiful Lie,
感情搜查官心野朱梨 S2,Japan,,Crime and Mystery,,,203663,Octo: Emotional Investigator Shinno Akari Season 2,
我們陷入戀愛的理由,Japan,,Other,,,270655,The Reason We Fall In Love,
放學後的病例簿,Japan,,Drama,,,271360,After School Doctor,
解謊偵探少女,Japan,,"Drama, Mystery",,,263129,Usotoki Rhetoric,
okura難解事件搜查,Japan,,"Drama, Mystery, Crime",,,263035,Okura: Cold Case Investigation,
青春灰姑娘,Japan,,Drama,2,Finished,210758,Cinderella Again,
unmet某腦外科醫的日記,Japan,,"Drama, Mystery",,,249929,Unmet: Diary of a Neurosurgeon,
青島君是壞心眼,Japan,,Comedy,,Watching,256381,Aoshima-kun Is Mean,
阿南是小情人！？ ,Japan,,"Drama, Sci-Fi & Fantasy, Comedy",,,255434,Minami-kun is my lover!?,
新宿野戰醫院 ,Japan,,"Drama, Comedy",,,257513,Shinjuku Field Hospital,
向陽之處必有聲,Japan,,Drama,3,Finished,255853,I hear the sunspot,
黑色止血鉗2,Japan,,Drama and Mystery,,,79289,Black Pean Season 2,
完全無罪,Japan,,"Mystery, Crime",,,252144,Kanzen Muzai,
以泥為妝,Japan,,Drama,,,256383,Make Up with Mud,
山地醫生,Japan,,"Drama, Family, Comedy",,Watching,62957,Der Bergdoktor,
海的開始 ,Japan,,"Family, Drama",,,256299,The Beginning of the Sea,
是偶然嗎?,Korea,,"Drama, Comedy",,Watching,211065,Serendipity's Embrace,
壞記憶橡皮擦,Korea,,Drama,,,132603,Bad Memory Eraser,
遇見你的那天,China,,Drama,,,245081,The Best Day of My Life,
拜託了，身體里的她,China,,Comedy,,,259417,Another Soul in Me,
錯位,China,,"Drama, Family",,,37632,Switched at Birth,
目標小姐,Japan,,"Drama, Comedy",,,249847,Miss Target,
25時，赤坂見,Japan,,Drama,,,248433,"At 25:00, in Akasaka",
被奪走肝的妻子,Japan,,"Drama, Crime",,,247848,The Wife Whose Liver Was Taken Away,
JK與六法全書,Japan,,Drama,,,249930,JK to Roppozensho,
微笑俄羅斯娃娃,Japan,,"Drama, Mystery",,,256740,Smiling  Matryoshka,
小夫妻的火烤新婚生活 交往0天 從結婚開始戀愛吧,Japan,,Drama and Family,,Watching,256808,How to Grill Our Love,
商業婚姻―喜歡上了就離婚―,Japan,,"Comedy, Drama",,,257066,Business Marriage,
搜查班長1958 ,Korea,,"Drama, Mystery, Action & Adventure",,,216292,Chief Detective 1958,
玩家 2,Korea,,Drama,,,95233,Two Steps from Heaven,
紅天鵝,Korea,,Drama,,,227189,Red Swan,
聯結,Korea,,"Animation, Comedy, Drama",,,45807,Kokoro Connect,
顏心記,China,,Other,,,233365,顏心記,
度華年,China,,Drama,,,254474,The Princess Royal,
墨雨雲間,China,,"Drama, Mystery, Comedy",,Watching,236033,The Double,
雙面騙子,Japan,,"Crime, Mystery",,,247442,Double Cheat: Itsuwari no Keikan,
過度保護的少爺的溺愛婚姻,Japan,,Drama,,Watching,252776,Spoiled Marriage of an Overprotective Young Husband,
結婚預定日,Japan,,"Drama, Comedy",,Watching,230214,The Date of Marriage,
金字塔遊戲,Korea,,Drama,,,227192,Pyramid Game,
Hide,Korea,,Other,,,2091541,HIDE,
抓住你的衣領,Korea,,"Crime, Mystery, Drama",,,231268,Nothing Uncovered,
美女與純情男,Korea,,"Drama, Family",,,242503,Beauty and Mr. Romantic,
我親愛的妖怪女友,Japan,,"Action & Adventure, Comedy, Sci-Fi & Fantasy",,,248395,My Undead Yokai Girlfriend,
再見已是白月光,China,,Drama,,,248754,Fall in Love Again,
猜猜我是誰,China,,"Thriller, Action",,,481563,The Big Call,
第二次戀愛才完美,Japan,,Drama,,,246482,Love Is Better the Second Time Around,
戰力外搜查官,Japan,,Drama,,,77446,Senryokugai Sosakan,
絕佳的解決師,Korea,,Drama and Crime,,,222425,Queen of Divorce,
金字塔遊戲,Korea,,Drama,,,227192,Pyramid Game,
魅惑之人 ,Korea,,"Drama, War & Politics, Mystery",,,233205,Captivating the King,
篡位,Korea,,Drama,,,223212,The Impossible Heir,
美好世界,Korea,,"Action & Adventure, Animation, Comedy, Sci-Fi & Fantasy",,,65844,KONOSUBA - God's blessing on this wonderful world!,
夜限照相館,Korea,,"Sci-Fi & Fantasy, Drama",,,223890,The Midnight Studio,
淚之女王,Korea,,"Drama, Comedy",,Watching,215720,Queen of Tears,
清潔工2022,Korea,,"
Comedy, Crime, and Drama",,,195745,Cleaning Up,
不可能的婚禮,Korea,,"Drama, Comedy",,,230198,Wedding Impossible,
別對我動心,China,,"Comedy, Drama",,,247453,Everyone Loves Me,
謝謝你溫暖我 ,China,,Drama,,,228076,Angels Fall Sometimes,
大耀酒店,Korea,,"Mystery, Drama",,,246058,O'PENing: Grand Shining Hotel,
阿麥從軍,China,,"Crime, Drama, Mystery, Action & Adventure, War & Politics",,,233968,Fighting for Love,
南來北往,China,,"Drama, Crime, Family",,,233973,Always on the Move,
致命遊戲,China,,"Crime, Mystery",,,72597,Manhunt,
甜心萌探,China,,"Drama, Comedy",,,245549,The Soulmate,
獨一有二的她,China,,"Drama, Comedy",,,233953,My Special Girl,
Mars-零之革命-,Japan,,"Drama, Mystery",,,242561,Mars: Zero's Revolution,
Eye Love You,Japan,,"Drama, Sci-Fi & Fantasy, Comedy",,Watching,240581,Eye Love You,
完美求婚,Japan,,Drama,,,241756,Perfect Propose,
再見了指揮大師~父親與我的熱情~,Japan,,Family and Drama,,,241788,"Sayonara, Maestro!",
財閥X刑警,Korea,,"Drama, Crime, Mystery, Action & Adventure",,,220074,Flex x Cop,
品牌in聖水洞,Korea,,Drama,,,230824,Branding in Seongsu,
殺人者的購物中心,Korea,,"Drama, Action & Adventure, Mystery, Crime",,,215072,A Shop for Killers,
低谷醫生,Korea,,"Drama, Comedy",,Watching,222233,Doctor Slump,
在暴雪時分,China,,Drama,,Watching,221112,Amidst a Snowstorm of Love,
莎賓娜的戰慄冒險,USA,,"
Mystery, Sci-Fi & Fantasy, and Drama",,,79242,Chilling Adventures of Sabrina,
愛情的溫度,Korea,,Comedy,,,73575,Temperature of Love,
接線女孩,USA,,Drama,,,71225,Cable Girls,
去他的世界末日,USA,,"Comedy, Drama, Crime",,,74577,The End of the F***ing World,
殺手迴路,USA,,Other,,,59967,Looper,
誰在說謊,USA,,"Drama, Mystery",,,118958,One of Us Is Lying,
沈默的天使,USA,,"Drama, Crime, and Mystery",,,71769,The Alienist,
美國眾神,USA,,"Drama, Mystery, Sci-Fi & Fantasy",,,46639,American Gods,
我很喜歡你，那你呢？,Japan,,Drama,,,241064,"Although I Love You, and You?",
客廳里的松永先生,Japan,,Comedy,,,241746,Living-Room Matsunaga-san,
因為你把心給了我,Japan,,"Drama, Sci-Fi & Fantasy",,,240772,The Gift of Your Heart,
花青歌,China,,"Drama, Comedy, Mystery, Sci-Fi & Fantasy",,,243495,Different Princess,
夜晚開的花,Korea,,"Drama, Comedy, Mystery, Action & Adventure",,,220836,Knight Flower,
幻像戀歌,Korea,,"Drama, Sci-Fi & Fantasy",,,226107,Love Song for Illusion,
我的幸福結局,Korea,,"Drama, Comedy",,,952875,My Happy Ending,
君心藏不住,China,,Drama,,,242342,Governor's Secret Love,
誰都知道我愛你,China,,Drama,,,213239,Almost Lover,
我們的翻譯官,China,,Drama,,Watching,240439,Our Interpreter,
京城怪物,Korea,,"Sci-Fi & Fantasy, Mystery, Action & Adventure, Drama",,,135238,Gyeongseong Creature,
死期將至,Korea,,"Family, Drama",,,279967,Dead Within,
你也有今天,China,,"Comedy, Drama",,Watching,240437,My Boss,
鳴龍少年,China,,"Drama, Comedy",,,240880,The Hope,
波西傑克森 S1,USA,,"Action & Adventure, Sci-Fi & Fantasy, Drama, and Family",,Watching,103540,Percy Jackson and the Olympians,
大指揮家: 弦上的真相,Korea,,"Drama, Mystery",,,214806,Maestra: Strings of Truth,
沙之花也有春天,Korea,,"Drama, Comedy, Mystery",,,224900,Like Flowers in Sand,
獵鑽緝兇,Korea,,"Mystery, Drama",,,205040,Adamas,
三大隊,China,,"Drama, Mystery, Crime",,,241206,The Lonely Warrior,
脫軌,China,,Drama,,,1294306,脫軌邊緣人,
一念關山,China,,"Drama, Action & Adventure",,Watching,210191,A Journey to Love,
我的男人是邱比特,Korea,,Other,,,,我的男人是邱比特,
跟我說愛我,Korea,,Drama,,,20355,Say You Love Me,
非法正義,Korea,,"Animation, Action & Adventure, Drama, Sci-Fi & Fantasy",,Watching,280110,My Hero Academia: Vigilantes,
非凡醫者,China,,Drama,,,239479,Fantastic Doctors,
黑白密碼,China,,"Crime, Drama, Mystery",,Watching,239577,Chase the Truth,
對你不止是喜歡,China,,Drama,,,240231,I May Love You,
獵罪者,China,,Mystery,,,240194,Crime Hunter,
很想很想你,China,,Drama,,Watching,230250,"Love Me, Love My Voice",
樂遊原,China,,"Drama, War & Politics",,,209915,Wonderland of Love,
與惡魔有約,Korea,,"Drama, Comedy",,Watching,218539,My Demon,
白日升月,Korea,,"Drama, Sci-Fi & Fantasy",,,230924,Moon in the Day,
繁城之下,China,,Drama,,,233959,Ripe Town,
費馬的料理,Japan,,"Animation, Drama",,,283704,Fermat Kitchen,
青春之旅,Japan,,Other,,,1542840,青春极速之旅,
我的第二青春,Japan,,"Drama, Comedy",,Watching,234251,My Second Aoharu,
婚禮大捷,Korea,,"Comedy, Drama",,,230024,The Matchmakers,
High Cookie,Korea,,"Drama, Crime, Sci-Fi & Fantasy",,,223489,High Cookie,
犬繫戀人,Korea,,"Drama, Comedy, and Sci-Fi & Fantasy",,Watching,209502,A Good Day to Be a Dog,
精神病房也會迎來清晨,Korea,,Drama,,,205319,Daily Dose of Sunshine,
南風知我意,China,,"Drama, Mystery",,,131614,South Wind Knows,
治癒系戀人,China,,Drama,,,225929,Love is Panacea,
極速悖論,China,,Drama,,Watching,238582,We Go Fast On Trust,
以愛為營,China,,"Drama, Comedy",,Watching,233194,Only for Love,
田耕紀,China,,"Drama, Sci-Fi & Fantasy",,,229146,Romance on the Farm,
盜賊之歌,Korea,,"Action & Adventure, Drama",,,136368,Song of the Bandits,
社長豆超市,Korea,,"Drama, Comedy",,,210242,CEO-dol Mart,
Malice,Japan,,"Drama, Mystery",,,244416,Malice,
大力女子姜南順,Korea,,"Comedy, Drama, Sci-Fi & Fantasy, Crime",,,203164,Strong Girl Nam-soon,
走進你的時間,Korea,,Drama,,,196474,A Time Called You,
閃爍的西瓜,Korea,,Sci-Fi & Fantasy and Drama,,,212204,Twinkling Watermelon,
惡中之惡,Korea,,"Crime, Action & Adventure, Drama",,,210704,The Worst of Evil,
迷情莊園,China,,Drama,,,236602,Miss Mystery,
為有暗香來,China,,Drama,,,236809,Scent of Time,
廢柴小仵作,China,,Drama,,,236876,Fei Chai Xiao Wu Zuo,
別惹前女友,China,,"Comedy, Drama",,,209101,Don't Mess With EX-Girlfriend,
開畫，少女漫,China,,"Drama, Comedy",,,253769,The Comic Bang,
竹馬天降都是你,China,,Drama,,,271290,Go Back Lover,
求求了快復婚吧,China,,Drama,,,227023,Please Remarry,
柚木家的四兄弟,Animate,,Other,,Watching,248435,The Yuzuki Family's Four Sons,
初戀是CV大神,China,,Drama,,,116923,First Love It's You,
非法正義,Korea,,"Animation, Action & Adventure, Drama, Sci-Fi & Fantasy",,,280110,My Hero Academia: Vigilantes,
燃燒,China,,Other,,,109413,A Time of Taste,
大唐女法醫,China,,"Mystery, Drama",,Watching,100416,Miss Truth,
夢回,China,,Drama,,,96483,Dreaming Back to the Qing Dynasty,
時空來電,China,,"Mystery, Crime, Sci-Fi & Fantasy",,,97268,Unknown Number,
烈火軍校,China,,"War & Politics, Drama, Action & Adventure",,,92648,Arsenal Military Academy,
紳探,China,,"Mystery, Drama",,,87519,Detective L,
最動聽的事,China,,Drama,3,Finished,87299,I Hear You,
獨家記憶,China,,Drama,,,507697,Snapshots,
你好舊時光,China,,Drama,,,78986,My Huckleberry Friends,
秘果,China,,"Drama, Family",,,103497,All About Secrets,
女醫明妃傳,China,,Drama,,,65917,The Imperial Doctress,
上癮,China,,Comedy,,,450946,Changing My Lovely Partner,
最好的我們,China,,"Family, Drama, Soap",,,156489,We Are the Best Ten Years,
兩生花,China,,Other,3,Finished,69439,两生花,
雁歸西窗月,China,,Drama,,,126021,Time Flies and You Are Here,
旗袍美探,China,,"Drama, Mystery",,,108467,Miss S,
心宅獵人,China,,Drama,,,113621,Psych-Hunter,
築夢情緣,China,,Drama,,,89187,The Great Craftsman,
陳情令,China,,"Action & Adventure, Drama, Mystery",,,90761,The Untamed,
我的真朋友,China,,Drama,,,89542,My True Friend,
錦衣之下,China,,"Drama, Mystery, Comedy",,,97276,Under the Power,
骨語 S1,China,,Other,3,Finished,92246,Talking Bones,
鎮魂,China,,"Western, Crime, Drama",4,Finished,43901,Longmire,
愛情進化論,China,,Drama,,,81427,The Evolution of Our Love,
南方有喬木,China,,"Drama, Comedy",,Give up,77447,Only Side by Side With You,
你和我的傾城時光,China,,Drama,,,82161,Our Glamorous Time,
人不彪悍枉少年,China,,"Drama, Comedy",,Give up,84604,When We Were Young,
無證之罪,China,,"Drama, Crime",,,73386,Burning Ice,
美人為餡 S3,China,,Other,3,Finished,134030,Memory Lost Season 3,
美人為餡 S2,China,,Other,3,Finished,134030,Memory Lost Season 2,
美人為餡 S1,China,,Other,4,Finished,134030,Memory Lost Season 1,
檸檬初上,China,,Drama,2,Finished,68764,First Love,
最美的時光,China,,Drama,2,Finished,44788,Best Time,
璀璨人生,China,,Drama,3,Finished,135085,Shining Days,
一見不鍾情,China,,Drama,2,Finished,130894,Love at Second Sight,
何以笙簫默,China,,Drama,3,Finished,62152,My Sunshine,
盜墓筆記,China,,"Drama, Mystery, Action & Adventure",1,Give up,81074,Tomb of the Sea,
假面女郎,Korea,,"Animation, Drama",,,35175,Glass Mask,
無法抗拒的他,Korea,,Drama,,Watching,288709,Irresistible Love,
孤獨的野獸,China,,"Drama, Action & Adventure, Mystery",,Watching,137703,The Silence of the Monster,
25小時談戀愛,China,,Drama,,,229259,Sweet Games,
八尺門的辯護人,Taiwan,,"Crime, Drama, Mystery",,,210876,Port of Lies,
因為你如此耀眼,Taiwan,,Drama,,,221923,The Way You Shine,
消失的痕跡,China,,"Crime, Mystery",,,232829,The Evidence Tells,
一吻傾城,China,,"Drama, Comedy",,,231488,Supervisor Husband,
安樂傳,China,,Drama,,,134679,The Legend of Anle,
長相思,China,,"Drama, Romance",,,919787,An All-Consuming Love,
白日夢我,China,,Drama,,,232441,You Are Desire,
七時吉祥,China,,"Drama, Sci-Fi & Fantasy",,,169593,Love You Seven Times,
驚奇的傳聞S2,Korea,,"Drama, Mystery, and Action & Adventure",,,113268,The Uncanny Counter 2,
消防廳旁警察廳 S2,Korea,,Drama,,,211261,The First Responders 2,
國民死刑投票,Korea,,"Drama, Mystery, Crime",,,217088,The Killing Vote,
摸心第六感,Korea,,"Drama, Comedy, Sci-Fi & Fantasy, Mystery",,,210107,Behind Your Touch,
無用的謊言,Korea,,"Drama, Mystery",,Watching,260716,My Lovely Liar,
法醫秦明,China,,"Crime, Drama",4,Finished,68095,Medical Examiner Dr. Qin,
我的室友是九尾狐,Korea,,"Drama, Sci-Fi & Fantasy",,Give up,114118,My Roommate Is a Gumiho,
惡作劇之吻,Taiwan,,Comedy,,Finished,34408,Mischievous Kiss,
昔有琉璃瓦,China,,Drama,,,156001,Memory of Encaustic Tile,
小風暴之時間的玫瑰,China,,Drama,,,114087,You Complete Me,
民國奇探,China,,"Comedy, Mystery",,,101007,My Roommate is a Detective,
青春須早為,China,,Drama,,,127250,Youth Should Be Early,
超時空羅曼史,China,,"Drama, Mystery, Sci-Fi & Fantasy",,,132399,See You Again,
你好神槍手,China,,"Comedy, Drama",,Watching,113697,"Hello, The Sharpshooter",
月光變奏曲,China,,"Drama, Comedy",,Watching,125984,Moonlight,
兩個人的小森林,China,,"Comedy, Drama",,Watching,135185,A Romance of the Little Forest,
愛的勘探法,China,,"Drama, Comedy",,,229217,Exploration Method of Love,
今生也請多指教,Korea,,"Drama, Comedy",,Watching,154824,See You in My 19th Life,
絕世網紅,Korea,,"Drama, Mystery",,,131305,Celebrity,
大廈森林的監視者們,Korea,,"Drama, Action & Adventure",,,215320,Numbers,
夏日奇妙書,China,,"Drama, Sci-Fi & Fantasy",,Far away,228520,My Marvellous Fable,
愛的二八定律,China,,"Family, Drama",,Watching,127814,She and Her Perfect Husband,
第二次二十歲,Korea,,"Comedy, Romance",3,Finished,64107,My First Time,
寵物情人 2017,Japan,,Comedy,4,Finished,69870,You're My Pet,
你們被包圍了,Korea,,Action & Adventure,,Finished,61173,You Are All Surrounded,
黑色貞潔,Thailand,,Drama,,,228504,Nobody's Happy if I'm Not,
醫愛之名,Thailand,,Drama,,,227037,To the Moon and Back,
歡迎來到王之國,Korea,,"Drama, Comedy",,Watching,198004,King the Land,
魚生知有你,China,,"Drama, Sci-Fi & Fantasy",,,228819,Fish Show You,
我們曾經愛過的一切,Korea,,Other,,,,Everything we have loved,
結婚嗎？好的！,China,,Drama,,,228623,Ready For Love?,
鎖愛三生,China,,Drama,,,227201,Circle of Love,
請成為我的家人,China,,Drama,,Watching,227149,Please Be My Family,
喔！英心,Korea,,Drama and Comedy,,,211692,Oh! Youngsim,
清潭國際高中,Korea,,"Drama, Mystery",,,214994,Bitch X Rich,
有益的欺詐,Korea,,"Drama, Comedy, Crime",,,210218,Delightfully Deceitful,
香蕉先生不睡覺,China,,"Drama, Comedy, Sci-Fi & Fantasy",,,227634,Mr. Insomnia Waiting for Love,
我的醫妃不好惹,China,,"Comedy, Drama",,,226300,I Have a Smart Doctor Wife,
夢中的那片海,China,,Drama,,,157240,The Youth Memories,
全世界都在等你們分手,China,,"Drama, Sci-Fi & Fantasy",,,227562,To Ship Someone,
公訴,China,,War & Politics,,,135666,国家公诉,
照亮你,China,,Drama,,Watching,196550,A Date With the Future,
盲點 S2,USA,,"Action, Crime, Mystery",,Watching,62710,Blindspot 2,
良言寫意,China,,"Drama, Comedy, Mystery",,,132317,Lie to Love,
獻給國王的無名指,Japan,,"Drama, Comedy",,Watching,222835,The Third Finger Offered to a King,
致我們暖暖的小時光,Thailand,,"Drama, Comedy",,,88548,Put Your Head on My Shoulder,
愛情綜合症,Thailand,,Drama,,,216927,Love Syndrome III,
我們的天空2,Thailand,,Drama,,,219038,Our Skyy 2,
日影之下,Thailand,,"Drama, Mystery",,,223452,Eclipse of the Heart,
隔壁的男人經常吃,Japan,,Drama and Comedy,,,208133,The Man Next Door Eats Well,
雙面少女,Japan,,Comedy,,,46204,Switch Girl!!,
面露一人飯,Japan,,"Drama, Comedy",,,222364,Mentsuyu Hitori Meshi,
痴情的接吻,Japan,,Drama,,,128166,Blinded Kiss,
爛漫,Japan,,"Animation, Action & Adventure",,,94498,Appare-Ranman!,
勝利的法庭式,Japan,,"Drama, Mystery, Crime",,,221811,Victory Court Ceremony,
局中人,Japan,,Drama,,,105235,Inside Man,
晚酌的流派,Japan,,Drama,,,202396,Evening Drink Style,
心霊內科醫 稲生知性,Japan,,Other,,,221627,Shinrei Naikai Inao Chisei,
我的可愛要過期了！？,Japan,,Comedy,,,195344,My Cuteness Is About to Expire!?,
逆轉管弦樂團,Japan,,Drama,,,216013,Reversal Orchestra,
格雷斯的履歷,Japan,,Drama and Mystery,,,210921,Grace's History,
相撲避難所,Japan,,Drama,,,210269,Sanctuary,
我們的餐桌,Japan,,"Drama, Family",,,222366,Our Dining Table,
廚刀與小青椒-一日的料理帖-,Japan,,Drama,,,216224,Kitchen Knife and Green Chili Pepper,
律師Sodom,Japan,,"Drama, Mystery",,,221664,Lawyer Sodom,
妹妹成了女朋友,Korea,,Drama,,,235691,My Sister,
至上之法,Korea,,"Drama, Crime, Mystery",,,119773,Law School,
很便宜 千里馬超市,Korea,,Drama,,,92707,Pegasus Market,
是金子是玉子啊,Korea,,Drama and Comedy,,,221934,Apple of My Eye,
紙之月,Korea,,"Drama, Mystery",,,107359,紙の月,
非故意戀愛故事,Korea,,"Drama, Comedy",,,220951,Unintentional Love Story,
愛情伴侶,Korea,,Romance,,,1380677,爱情伴侣：电影版,
較量人生,Korea,,Drama,,,215472,RACE,
壞媽媽,Korea,,Drama,,,86743,Bad Mothers,
真的出現了,Korea,,Drama,,,214422,The Real Has Come!,
偶然遇見的你,Korea,,"Drama, Sci-Fi & Fantasy, Mystery",,,204589,My Perfect Stranger,
九尾狐傳1938,Korea,,"Drama, Sci-Fi & Fantasy, Action & Adventure",,,201019,Tale of the Nine Tailed 1938,
醫生車智淑,Korea,,"Drama, Comedy",,,214997,Doctor Cha,
上國賦,China,,Drama,,,226320,The Maid Ballad,
替嫁新娘,China,,Drama,,,224918,Fated To Love You,
懸疑作者求生指南,China,,Other,,,,懸疑作者求生指南,
戰火中的青春,China,,"Drama, War & Politics",,,225102,Youth in the Flames of War,
卧底警花,China,,Drama,,,226414,卧底警花,
夏小姐的先婚後愛2,China,,Drama,,,229064,Love Starts from Marriage 2,
法言人,China,,Drama,,,223761,Speakers of Law,
命中註定的公主,China,,Other,,,,命中註定的公主,
你的我的那場暗戀,China,,Other,,,228518,We Fall In Love,
甜小姐與冷先生,China,,Drama,,,226066,Sweet and Cold,
護心,China,,Other,,,314463,弁護士六角心平　京都殺人事件,
長月燼明,China,,Drama,,,137206,Till The End of The Moon,
又見仲夏夜之星,China,,"Drama, Comedy",,,225859,See Midsummer Night's Stars Again,
正義的天秤,Japan,,"Mystery, Crime",,,134903,The Scales of Justice,
床友,Thailand,,Other,,,738807,Ghost Boyfriend 2,
溫暖的甜蜜的,China,,Drama,,,225756,Warm and Sweet,
Pending Train-8點23分，明天和你,Japan,,Other,,,,Pending Train-8點23分，明天和你,
再見吧，槍 警視廳特別槍裝班,Japan,,"Drama, Action & Adventure",,,225157,"Farewell, Guns: Metropolitan Police Department Special Armament Squad",
LAST MAN-全盲搜查官-,Japan,,"Drama, Mystery",,,221854,Last Man: The Blind Profiler,
春日苦短少年戀愛吧,Japan,,"Drama, Comedy",,,223506,"Springtime is Short, Fall in Love, Boys.",
犯罪家族,Japan,,"Drama, Comedy",,,225014,Crime Family,
刑警與檢察官，有時是法官,Japan,,"Drama, Mystery, Crime",,,220615,"Police and Prosecutor, Sometimes Judge",
絕對不可能 偵探・上水流涼子的解析,Japan,,"Drama, Comedy, Mystery",,,222846,Logically Impossible! Detective Ryoko Kamizuru Is on the Case,
巧克力醫生,Japan,,"Drama, Mystery",,,222374,Dr. Chocolate,
苦中帶甜的滋味,Japan,,"Drama, Comedy",,,225232,Bittersweet,
我繼承了牛郎俱樂部,Japan,,Other,,,,我繼承了牛郎俱樂部,
月讀君的禁忌夜宵,Japan,,"Drama, Comedy",,,222974,Mr. Tsukuyomi's Forbidden Midnight Snack,
Unknown,Japan,,Drama,,,879945,The Unknown Man,
我的媳夫,Japan,,"Drama, Comedy",,Watching,222373,Mr. Bride,
Stealer：七個朝鮮通寶,Korea,,"Drama, Action & Adventure, Comedy",,,211796,Stealer: The Treasure Keeper,
我的X一樣的20歲,Korea,,Drama,,,224966,My 20th Twenty,
女王製造者,Korea,,Other,,,,女王製造者,
為你逆光而來,China,,Drama,,,224552,Love of Replica,
你給我的喜歡,China,,Drama,,,225178,The Love You Give Me,
小紅帽，在旅途中遇見屍體,Japan,,Other,,,,小紅帽，在旅途中遇見屍體,
以神之名：信仰的背叛,Korea,,"Documentary, Crime",,,218476,In the Name of God: A Holy Betrayal,
看！黛博拉,Korea,,Other,,,,看！黛博拉,
戀戀洗衣店,Japan,,"Romance, Comedy",,,,Minato's Laundromat,
六本木Class,Japan,,Drama,,,203792,Roppongi Class,
為親愛的我獻上殺意,Japan,,Other,,,,為親愛的我獻上殺意,
孕愛奇蹟,Thailand,,Other,,,,孕愛奇蹟,
窺探,Korea,,"Crime, Mystery, Sci-Fi & Fantasy",,Watching,117378,Mouse,
鄰人似銀河,Japan,,"Animation, Comedy",,,200732,A Galaxy Next Door,
Russian Doll,USA,,"Comedy, Drama",,,84977,Russian Doll,
沈默的天使,USA,,Other,,,,沈默的天使,
我們很安全,USA,,Other,,,,我們很安全,
哥譚騎士,USA,,"Action & Adventure, Drama",,,195868,Gotham Knights,
犯罪現場清理員,USA,,Other,,,,犯罪現場清理員,
九號密事,USA,,Other,,,,九號密事,
雨傘學院,USA,,"Action & Adventure, Sci-Fi & Fantasy, Drama",,,75006,The Umbrella Academy,
性愛自修室,USA,,"Comedy, Drama",,,81356,Sex Education,
怪奇物語,USA,,Horror,,,1504708,Idol Horror Story,
梅菲爾女巫 S1,USA,,Other,,Watching,,梅菲爾女巫 S1,
音樂魔法鎮！,USA,,Other,,,,音樂魔法鎮！,
電擊女孩,USA,,"Sci-Fi & Fantasy, Mystery, Drama",,,95558,The Power,
暗夜情報員,USA,,"Action & Adventure, Drama, Mystery",,,129552,The Night Agent,
星期三,USA,,Other,,,718651,"Thursday, Wednesday",
中情局律師第一季,USA,,Other,,,,中情局律師第一季,
特工家族,Korea,,"Drama, Comedy, Action & Adventure",,,214529,Family: The Unbreakable Bond,
幻夢情緣,China,,Other,,,48889,Romance Beyond Romance,
你是我的漫天繁星,China,,Other,,,248174,你是我的漫天繁星,
恩愛兩不疑,China,,"Drama, Comedy, Sci-Fi & Fantasy",,,220306,The Trust,
真探秦先生,China,,Mystery,,,248248,True Detective Mr. Qin,
最食人間煙火色,China,,Drama,,Watching,223579,Falling Before Fireworks,
春家小姐是訟師,China,,"Drama, Mystery",,,222927,Miss Chun Is a Litigator,
重紫,China,,"Drama, Sci-Fi & Fantasy",,,210596,The Journey of Chongzi,
擇君記,China,,"Drama, Comedy",,,218103,Choice Husband,
他跨越山海而來,China,,"Drama, Sci-Fi & Fantasy",,,221993,I Belonged to Your World,
春閨夢里人,China,,Drama,,,207429,Romance of a Twin Flower,
左肩有你,China,,"Drama, Family",,,128717,Chasing the Light,
花琉璃軼聞,China,,"Drama, Comedy",,,221449,Royal Rumours,
舞技家的料理人,Japan,,Other,,,,舞技家的料理人,
美麗的他 S2,Japan,,Other,,Watching,,美麗的他 S2,
聽說你喜歡我,China,,Drama,,Watching,220068,Have a Crush On You,
九霄寒夜暖,China,,"Drama, Mystery, Sci-Fi & Fantasy",,Watching,137800,Warm on a Cold Night,
光淵,China,,"Drama, Mystery, Crime, Sci-Fi & Fantasy",,,131037,Justice in the Dark,
星落凝成糖,China,,"Drama, Sci-Fi & Fantasy, Comedy",,,196157,The Starry Love,
理科生墜入情網,China,,"Drama, Comedy",,,222320,The Science of Falling in Love,
狂飆,China,,Drama,,,1084137,Racing Storm,
我有一份逃生指南,China,,"Sci-Fi & Fantasy, Drama",,,223684,Escape Guide,
花書生戀愛史,Korea,,Other,,,,花書生戀愛史,
離婚律師申晟瀚,Korea,,Drama,,,204241,Divorce Attorney Shin,
朝鮮律師,Korea,,Drama,,,206715,Joseon Attorney: A Morality,
模範計程車 S2,Korea,,"Action, Crime",,,,Taxi Driver,
模仿犯,Taiwan,,"Drama, Mystery, Crime",,,158876,Copycat Killer,
歸路,China,,Other,,Watching,734445,Somewhere My Love,
只是在結婚申請書上蓋了章,Japan,,"Drama, Comedy",,Watching,136631,ONLY JUST MARRIED,
擁有超常技能的異世界流浪美食家,Animate,,"Animation, Action & Adventure, Sci-Fi & Fantasy",,Watching,213402,Campfire Cooking in Another World with My Absurd Skill,
最強陰陽師的異世界轉生記,Animate,,"Animation, Action & Adventure, Sci-Fi & Fantasy",4,Watching,156563,The Reincarnation of the Strongest Exorcist in Another World,
陪你一起好好吃飯,China,,Drama,,Watching,157673,Dine with Love,
警視廳局外人,Japan,,"Drama, Mystery, Comedy",,Watching,215270,Keishichou Outsider,
欺詐獵人,Japan,,"Drama, Crime, Action & Adventure",,Watching,210039,The Black Swindler,
成曦曲,China,,Other,,Watching,227510,Cheng Xi's Song,
於星降之夜,Japan,,Other,,,,於星降之夜,
黃昏時分 牽著手,Japan,,Other,,,,黃昏時分 牽著手,
說一百萬次就好了,Japan,,Other,,,,說一百萬次就好了,
Get Ready,Japan,,Drama,,,213322,Get Ready!,
女神的教室～法律青春白皮書,Japan,,Drama,,,215249,Themis's Law School Classroom,
嘉南傳,China,,Drama,,Watching,128723,Rebirth For You,
美男堂,Korea,,"Comedy, Drama",,Watching,89963,Mermaid Sauna,
你安全嗎？,China,,"Drama, Action & Adventure",,Watching,210003,Are You Safe?,
念念無明,China,,Drama,,,413838,Mad World,
罰罪,China,,"Animation, Comedy",,,108538,Crime or Punishment?!?,
底線,China,,Drama,,,210594,Draw the Line,
且試天下,China,,"Drama, War & Politics",,,127323,Who Rules The World,
卿卿日常,China,,"Comedy, Drama",,,214172,New Life Begins,
蒼蘭訣,China,,"Drama, Sci-Fi & Fantasy",,,130368,Love Between Fairy and Devil,
浮圖緣,China,,Drama,,,210291,Unchained Love,
金湯匙,Korea,,Drama,,,74887,Money Flower,
頭腦共助,Korea,,"Drama, Mystery, Comedy",,,206674,Brain Works,
Missing 他們存在過 2,Korea,,Other,,,,Missing 他們存在過 2,
法錢,Korea,,"Drama, Crime",,,132117,Farzi,
禁婚令,Korea,,"Drama, Mystery, Comedy",,,201330,The Forbidden Marriage,
財閥家的小兒子,Korea,,Drama,,,153496,Reborn Rich,
Island,Korea,,"Comedy, Drama, Mystery, Animation",,,80535,Island,
對我而言危險的他,China,,Drama,,Watching,218238,My Lethal Man,
三體,China,,"Drama, Mystery, Sci-Fi & Fantasy",,,204541,Three-Body,
我可能遇到了救星,China,,Drama,,Not start,216405,Hi Venus,
唐朝詭事錄,China,,Mystery,,Watching,211089,Strange Tales of Tang Dynasty,
只要你說你愛我,Animate,,Animation,5,Finished,52878,"Say ""I Love You.""",
兄弟戰爭,Animate,,Other,3,Finished,57757,Brothers Conflict,
墨白,China,,"Comedy, Drama",,Watching,214927,Double Love,
成為你的花,Japan,,Drama,,Not start,209459,I Will Be Your Bloom,
舊案尋兇,Korea,,Drama,,Not start,157161,Shadow Detective,
促醒者,China,,Drama,,Not start,213675,The Neuron Doctors,
你是我的美味,China,,Drama,,Not start,213663,"Healing Food, Healing Love",
在你的冬夜裡閃耀,China,,Crime,,Not start,213514,Winter Night,
雙世萌妻,China,,Drama,,Not start,213591,Love For Two Lives,
謝謝醫生,China,,Drama,,Not start,95721,Thank You Doctor,
遇見你之後,China,,"Comedy, Family, Drama",,Not start,213351,Since I Met U,
不期而至,China,,Mystery,,Not start,213660,Unexpected Falling,
魔女的遊戲,Korea,,Drama,,Not start,208249,Game of Witches,
Elpis-希望、或者災難-,Japan,,Drama,,Not start,210447,Elpis,
減重50公斤的灰姑娘,Japan,,Other,,Not start,,減重50公斤的灰姑娘,
祈願病歷簿 研修醫的解謎診察記錄,Japan,,Drama,,Not start,210445,Patient Chart Prayer,
旅行護士,Japan,,Drama,,Not start,210891,The Travel Nurse,
Atom之子,Japan,,Drama,,Not start,211565,Atom's Last Shot,
PICU兒童重症監護室,Japan,,Other,,Watching,,PICU兒童重症監護室,
真的要結婚嗎,Japan,,Other,,Not start,,真的要結婚嗎,
王后傘下,Korea,,Drama,,Not start,156406,Under the Queen's Umbrella,
你陷入的世界,Korea,,Drama,,Not start,203954,Fall For You,
我的秘密室友,China,,Comedy,,Not start,212231,Love In Time,
以一當百的管家,Korea,,Other,,Not start,,以一當百的管家,
那小子不可愛,China,,Comedy,,Not start,212290,Cute Bodyguard,
冰糖一夏,China,,Comedy,,Not start,211984,Rock Sugar Summer,
執念如影,China,,Crime,,Not start,211833,Obsession,
追光者,China,,"Drama, Action & Adventure",,Watching,212267,Light Chaser Rescue,
請叫我總監,China,,Drama,,Not start,199925,Master of My Own,
三姊弟要勇敢,Korea,,Other,,Not start,,三姊弟要勇敢,
熾道,China,,Drama,,Watching,211228,Falling Into You,
誰都知道我愛你,China,,Drama,,Not start,213239,Almost Lover,
星漢燦爛,China,,Drama,,Watching,137870,Love Like the Galaxy,
夢華錄,China,,Drama,,Watching,202876,A Dream of Splendor,
魔法翻新,Japan,,Drama,,Watching,204322,Renovation Like Magic,
家庭教師寅子,Japan,,Drama,,Not start,204390,Private Tutor Torako,
我愛上了給我橡皮的女生,Japan,,Other,,Not start,,我愛上了給我橡皮的女生,
石子和羽男-這種事情也好告嗎,Japan,,Drama,,Not start,204367,ISHIKO and HANEO: You're Suing Me?,
間諜遊戲,Japan,,Action & Adventure,,Not start,204827,GAME OF SPY,
Animals,Japan,,"Animation, Comedy",,Not start,65228,Animals.,
模範刑警二,Korea,,Other,,Not start,,模範刑警二,
黑話律師,Korea,,Mystery,,Not start,155226,Big Mouth,
今日的網漫,Korea,,Comedy,,Not start,155222,Today's Webtoon,
瞄準你的未來,China,,Drama,,Not start,206416,Out with a Bang,
致勇敢的你,China,,Drama,,Not start,122591,To Be A Brave One,
天才基本法,China,,Drama,,Not start,206489,The Heart of Genius,
親愛的檸檬精先生2,China,,Other,,Not start,,親愛的檸檬精先生2,
紙鈔屋,Korea,,Other,,Not start,,紙鈔屋,
第六感之吻,Korea,,Drama,,Not start,135895,Kiss Sixth Sense,
藍焰突擊,China,,Drama,,Not start,197901,Blue Flame Assault,
穿書女配戀愛了,China,,Sci-Fi & Fantasy,,Not start,206809,Fall In Love In The Book,
還魂,Korea,,"Drama, Sci-Fi & Fantasy, Action & Adventure, Mystery",,Not start,135157,Alchemy of Souls,
安娜,Korea,,"Drama, Mystery",,Not start,203020,Love Is Leaving,
終於輪到我戀愛了,China,,Drama,,Not start,203646,Time to Fall in Love,
愛情應該有的樣子,China,,Drama,,Not start,204254,Love The Way You Are,
林深見鹿,China,,Drama,,Not start,203617,Nice to Meet You Again,
戀愛何必認真,Japan,,Drama,,Not start,194854,What Do You Really Do About Love?,
神速偵探,Japan,,Drama,,Not start,108606,Tantei ga Hayasugiru,
還有明天,Korea,,"Drama, Sci-Fi & Fantasy, Action & Adventure",,Not start,136369,Tomorrow,
紅丹心,Korea,,Drama,,Not start,136733,Bloody Heart,
不可殺,Japan,,"Drama, Sci-Fi & Fantasy, Action & Adventure",,Not start,137520,Bulgasal: Immortal Souls,
初戀與你都很甜,China,,Other,,Not start,,初戀與你都很甜,
親愛的試用期女友,China,,Other,,Not start,,親愛的試用期女友,
只能親吻不幸同學了,Japan,,Comedy,,Not start,169561,Mr. Unlucky Has No Choice but to Kiss!,
被討厭的監察官,Japan,,Mystery,,Not start,197224,Disliked Inspector Otonashi Ichiroku,
新娘未滿escape,Japan,,Drama,,Not start,194746,The Escape of the Bride to Be,
亂來,Japan,,"Comedy, Drama",,Not start,153335,Tall Order,
雪滴花,Korea,,Drama,,Not start,108291,Snowdrop,
邁向未來的倒數十秒,Japan,,Other,,Not start,,邁向未來的倒數十秒,
我的家,Japan,,Drama,,Not start,227149,Please Be My Family,
潘朵拉的果實,Japan,,Mystery,,Not start,194818,Pandora's Fruit,
十字路口偵探學校,Japan,,Other,,Not start,,十字路口偵探學校,
我的可愛要過期了,Japan,,Comedy,,Not start,195344,My Cuteness Is About to Expire!?,
幽靈醫生,Korea,,Comedy,,Not start,152471,Ghost Doctor,
語意錯誤,Korea,,Drama,,Not start,157208,Semantic Error,
柔美細胞,Korea,,Comedy,,Not start,128995,Yumi's Cells,
單戀原聲帶,Korea,,Drama,,Not start,137872,Soundtrack #1,
瘋狂愛情,Korea,,"Drama, Comedy",,Not start,134465,Crazy Love,
軍檢察官,Korea,,Drama,,Not start,135652,Military Prosecutor Doberman,
向你奔去的速度493km,Korea,,Drama,,Watching,152512,Love All Play,
25 21,Korea,,Drama,,Not start,129888,Twenty Five Twenty One,
現在開始作秀時間,Korea,,Other,,Not start,,現在開始作秀時間,
正義的演算法,Taiwan,,Other,,Not start,,正義的演算法,
再次我的人生,Korea,,Drama,,Not start,135654,Again My Life,
醫法刑事,Korea,,"Crime, Drama",,Not start,196906,Doctor Lawyer,
你好啊我的橘子戀人,China,,Other,,Not start,,你好啊我的橘子戀人,
今天開始我們,Korea,,Comedy,,Not start,154891,Woori the Virgin,
村裡來了個暴走女外科,Taiwan,,Comedy,,Not start,135360,Mad Doctor,
親愛的亞當,Taiwan,,Drama,,Not start,197976,Dear Adam,
暗夜行者,China,,"Crime, Mystery",,Not start,202253,Day Breaker,
警察榮譽,China,,Drama,,Not start,203042,Ordinary Greatness,
二進位戀愛,China,,Other,,Not start,,二進位戀愛,
從零到一的愛情,China,,Drama,,Not start,195395,Fall in Love,
魔咒的戀人,Korea,,Drama,,Not start,155224,Jinxed at First,
遇見璀璨的你,China,,Drama,,Not start,204147,"Hello, My Shining Love",
骨語 S2,China,,Other,,Watching,,骨語 S2,
流星,Korea,,"Drama, Family",,Watching,79818,Meteor Garden,
堀與宮村,Animate,,"Animation, Comedy, Drama",5,Finished,228663,Horimiya: The Missing Pieces,
夢色蛋糕師,Animate,,Animation,5,Finished,45999,Yumeiro Patissiere,
失格紋的最強賢者,Animate,,Animation,,Finished,117884,The Strongest Sage with the Weakest Crest,
魔法科高校的優等生,Animate,,Animation,3,Finished,115312,The Honor at Magic High School,
幽浮寶貝,Animate,,Animation,5,Finished,93483,Daa! Daa! Daa! UFO Baby,
魔法科高校的劣等生,Animate,,Animation,5,Finished,60833,The Irregular at Magic High School,
刀劍神域,Animate,,"Animation, Sci-Fi & Fantasy, Action & Adventure",5,Finished,45782,Sword Art Online Season 1,
刀劍神域2,Animate,,Other,5,Finished,45782,Sword Art Online Season 2,
遊戲人生,Animate,,"Animation, Sci-Fi & Fantasy, Action & Adventure, Comedy",5,Finished,60808,No Game No Life,
有喜歡的人,Japan,,"Comedy, Drama",3,Finished,67355,A Girl & Three Sweethearts,
放射治療室 S1,Japan,,Other,3,Finished,88264,Radiation House Season 1,
無法成為野獸的我們,Japan,,Comedy,4,Finished,82819,Weakest Beast,
Final Cut,Japan,,Drama,3,Finished,75918,Final Cut,
我的初戀情人,Japan,,Drama,3,Finished,86052,Secret Unrequited Love,
別扭合租房,Japan,,Other,2,Finished,89503,Kakafukaka,
我可能不會愛你,Japan,,Drama,3,Finished,91140,I Don't Love You Yet,
愛情闖進門,China,,Drama,2,Finished,44234,When Love Walked In,
海岸村恰恰恰,Korea,,Comedy,4,Finished,128883,Hometown Cha-Cha-Cha,
My name,Korea,,Comedy,,,2317,My Name Is Earl,
許你歲月靜好,China,,Other,,,,許你歲月靜好,
波吉亞家族,USA,,Action & Adventure,,,34388,Borgia,
龍紋身的女孩,USA,,Other,,,65754,The Girl with the Dragon Tattoo,
叛逆者,China,,"Drama, Mystery, War & Politics",,,127123,The Rebel,
History4 近距離愛上你,Taiwan,,Drama,,Watching,202752,HIStory4: Close To You,
特殊搜查專案組 M,Korea,,Other,,Watching,,特殊搜查專案組 M,
小南的迷你情人,Japan,,Other,3,Finished,65778,My Little Lover - Minami Kun no Koibito,
完美世界 2019,Japan,,Drama,5,Finished,88508,Perfect World,
全職高手,China,,"Animation, Action & Adventure",2,Give up,71194,The King's Avatar,
暗戀橘生淮南 （網劇）,China,,Drama,4,Finished,90729,Unrequited Love ,
泡沫之夏,China,,Drama,,Far away,33047,Summer's Desire,
那刻的怦然心動,China,,Drama,3,Finished,83082,Art in Love,
橙紅年代,China,,"Drama, Action & Adventure, Crime",4,Finished,73182,Age of Legends,
我的燦爛人生,China,,"Drama, Soap, Family",,Far away,104972,My Wonderful Life,
一見不鐘情,China,,Drama,3,Finished,250734,Love at Second Glance,
罪案心理小組Ｘ,China,,Crime,4,Finished,84885,Visible Lie,
真愛惹麻煩,China,,Other,,Far away,,真愛惹麻煩,
如若巴黎不快樂,China,,Drama,3,Finished,83081,If Paris Downcast,
幸福最晴天,Taiwan,,Comedy,,,56971,Sunny Happiness,
我愛幸運七,Taiwan,,Other,,,,我愛幸運七,
The game : 倒數計時,Korea,,Crime,,Finished,95485,The Game: Towards Zero,
不要戀愛要結婚,Korea,,Comedy,,Far away,61171,"Marriage, Not Dating",
閉嘴吧 花美男樂團,Korea,,Other,,Far away,,閉嘴吧 花美男樂團,
從天而降的一億顆星,Korea,,"Mystery, Drama, Crime",,Far away,82501,The Smile Has Left Your Eyes,
狐狸新娘星,Korea,,Drama,,Not start,82298,Where Stars Land,
對我而言可愛的她,Korea,,Drama,,Far away,61487,My Lovely Girl,
武法律師,Korea,,Crime,5,Finished,78796,Lawless Lawyer,
熊貓小姐與刺蝟,Korea,,Other,,Far away,,熊貓小姐與刺蝟,
Doctors,Korea,,"Soap, Drama",,Far away,5080,Doctors,
灰姑娘與四騎士,Korea,,Comedy,,Far away,67084,Cinderella and Four Knights,
她愛上了我的謊,Korea,,Comedy,4,Finished,70191,The Liar and His Lover,
先熱情的打掃吧,Korea,,Comedy,,Not start,78869,Clean with Passion for Now,
記得 兒子的戰爭,Korea,,Drama,5,Finished,64487,Remember,
金秘書為何那樣,Korea,,"Comedy, Drama",,Not start,79434,What's Wrong with Secretary Kim,
玩偶騎士,Korea,,Sci-Fi & Fantasy,,Far away,63765,Dream Knight,
後遺症,Korea,,"Comedy, Drama",,Far away,218575,Irresistible,
打架吧！鬼神君,Korea,,Other,,Far away,,打架吧！鬼神君,
愛情雨,Korea,,Drama,,Far away,42039,Love Rain,
二十歲,Korea,,"Comedy, Romance",,Far away,64107,My First Time,
惡作劇之吻,Korea,,"Comedy, Drama",5,Finished,64793,Mischievous Kiss: Love in Tokyo,
燦爛的遺產,Korea,,Comedy,,Far away,31120,Brilliant Legacy,
原來是美男,Korea,,"Comedy, Drama",,Far away,31417,You Are Beautiful,
繼承者們,Korea,,"Comedy, Drama",,Far away,48462,The Heirs,
Dream High S1,Korea,,Other,5,Finished,37722,Dream High Season 1,
鄰家花美男,Korea,,Comedy,,Far away,46550,Flower Boy Next Door,
總理與我,Korea,,Comedy,,Far away,61048,The Prime Minister and I,
善良的男人,Korea,,Drama,,Far away,44969,The Innocent Man,
我的鄰居是EXO,Korea,,Comedy,3,Finished,64127,EXO Next Door,
流星花園,Korea,,"Drama, Family",,Far away,79818,Meteor Garden,
愛在高中,Korea,,Sci-Fi & Fantasy,3,Give up,61738,Hi! School - Love On,
舉重妖精金福珠,Korea,,Comedy,5,Finished,68349,Weightlifting Fairy Kim Bok-joo,
成均館緋聞,Korea,,Comedy,,Far away,34510,Sungkyunkwan Scandal,
無理的前進,Korea,,Drama,4,Finished,63990,Cheer Up!,
屋塔房世子,Korea,,Comedy,,Far away,43152,Rooftop Prince,
男朋友,Korea,,Drama,,Far away,83941,Encounter,
經常請吃飯的漂亮姊姊,Korea,,Other,4,Finished,78385,Something in the Rain,
The K2,Korea,,"Action & Adventure, Drama, Crime",3,Finished,67391,The K2,
她的私生活,Korea,,Comedy,,Not start,87553,Her Private Life,
太陽的後裔,Korea,,"Drama, Action & Adventure",5,Finished,65143,Descendants of the Sun,
武林學校,Korea,,Drama,3,Finished,64812,Moorim School,
大力女子都奉順,Korea,,Comedy,5,Finished,68814,Strong Woman Do Bong-Soon,
來自星星的你,Korea,,"Comedy, Drama",3,Give up,60957,My Love from the Star,
異鄉人醫生,Korea,,Drama,,Far away,60956,Doctor Stranger,
雲畫的月光,Korea,,Comedy,3,Give up,66256,Love in the Moonlight,
第二個二十歲,Korea,,Comedy,5,Finished,63529,Twenty Again,
吸血鬼醫生,Korea,,Drama,5,Finished,62078,Blood,
Healer,Korea,,"Comedy, Action & Adventure, Mystery, Drama",5,Finished,61670,Healer,
請回答1997,Korea,,Comedy,5,Finished,46553,Reply 1997,
皮諾丘,Korea,,Drama,5,Finished,61611,Pinocchio,
中學聖日記,Japan,,Drama,4,Finished,83165,Meet Me After School,
戀愛可以持續到天長地久,Japan,,Comedy,5,Finished,97948,An Incurable Case of Love,
草莓之夜 SAGA,Japan,,Crime,,Far away,88629,Strawberry Night Saga,
破案天才奇娜,Japan,,Crime,,Not start,211769,破案天才奇娜,
黑鏡,USA,,Sci-Fi & Fantasy,,,42009,Black Mirror,
生活大爆炸,USA,,Comedy,,,1418,The Big Bang Theory,
破產姐妹,USA,,Comedy,,,39340,2 Broke Girls,
性愛自習室,USA,,Other,,,,性愛自習室,
六人行,USA,,Comedy,,,1668,Friends,
吸血鬼日記,USA,,"Drama, Comedy",,,16027,Vampire Diary,
亞森羅蘋,USA,,Crime,,,96677,Lupin,
我是殭屍,USA,,Drama,,,60866,iZombie,
暗影獵人,USA,,Action & Adventure,4,Finished,63210,Shadowhunters,
女人三十情定水舞間,Taiwan,,Other,,,,女人三十情定水舞間,
我們不能是朋友,Taiwan,,Drama,4,Finished,90022,Before We Get Married,
未來媽媽,Taiwan,,Family,,,114249,Mother To Be,
誰是被害者,Taiwan,,Drama,,,101146,The Victims' Game,
請回答1998,Korea,,Other,5,Finished,64010,Reply 1988,
偉大的誘惑者,Korea,,Drama,3,Finished,77284,Tempted,
聽見你的聲音,Korea,,Comedy,5,Finished,54477,I Hear Your Voice,
朝九晚五,Japan,,Comedy,,Far away,290231,Love from 9 to 5,
金田一少年事件簿,Japan,,"Animation, Mystery",4,Finished,23587,Kindaichi Case Files,
黑色止血鉗,Japan,,Drama,,Not start,79289,Black Pean,
發芽,Japan,,"Comedy, Drama",,Far away,254391,The Potato Lab,
變身指令 S2,Japan,,Other,,Far away,,變身指令 S2,
Piece,Japan,,"Mystery, Drama",,Not start,46131,Piece,
實習醫生五人,Japan,,Drama,,Not start,71234,Resident: Story of 5 Interns,
東京機場管制保安部,Japan,,Other,,Not start,,東京機場管制保安部,
Hero S2,Japan,,Animation,,Not start,280110,My Hero Academia: Vigilantes,
花咲舞不會沉默,Japan,,Drama,,Not start,70938,Hanasaki Mai Speaks Out,
Crisis,Japan,,"Mystery, Action & Adventure",,Not start,50558,Crisis,
草莓之夜,Japan,,"Crime, Mystery, Drama",,Not start,88629,Strawberry Night Saga,
吸血鬼天堂,Japan,,Other,,Not start,,吸血鬼天堂,
都市傳說之女,Japan,,Other,,Not start,,都市傳說之女,
戀仲,Japan,,Drama,,Not start,64038,Koinaka,
你教會了我什麼是最重要的事,Japan,,Other,,Not start,,你教會了我什麼是最重要的事,
冤罪律師,Japan,,Drama,,Watching,86671,"Innocence, Fight Against False Charges",
老師，你不知道嗎,Japan,,Drama,5,Finished,100211,"Hey Sensei, Don't you know?",
一睜眼，三名男友,Japan,,Drama,,Not start,95621,I Have Three Boyfriends,
咖啡遇上香草,Japan,,Drama,4,Finished,91284,Coffee & Vanilla,
同床前男友,Japan,,Other,3,Finished,,同床前男友,
Cold Blue S1,Japan,,Other,5,Finished,21021,Cold Blue Season 1,
偶然發現的一天,Korea,,Sci-Fi & Fantasy,3,Give up,93657,Extraordinary You,
失蹤：他們存在過,Korea,,Other,,Far away,,失蹤：他們存在過,
Run on,Korea,,Action & Adventure,,Watching,281251,On the Run,
極道主夫,Japan,,"Animation, Comedy",,Not start,112160,The Way of the Househusband,
要加熱這份戀情嗎,Japan,,Drama,,Watching,108894,A Warmed Up Love,
姊姊的戀人,Japan,,Other,,Not start,,姊姊的戀人,
翻譯官,China,,Drama,,Not start,240439,Our Interpreter,
放棄我，抓緊我,China,,Drama,,Not start,68045,Stay with Me,
隱密而偉大,China,,Other,,Not start,,隱密而偉大,
一不小心愛上你,China,,Drama,3,Finished,208747,Fall In Love,
後翼棄兵,USA,,Other,,,,後翼棄兵,
雨傘學院,USA,,Action & Adventure,,,75006,The Umbrella Academy,
兄弟連,USA,,Documentary,3,Finished,295726,Brothers in War,
艾蜜莉在巴黎,USA,,Drama,,,82596,Emily in Paris,
河谷鎮,USA,,Crime,,,69050,Riverdale,
青春創世紀,China,,Drama,,Not start,96111,Something Just Like This,
假冒小姐,Thailand,,Drama,3,Finished,81650,You Are Me,
天巡者,Taiwan,,Sci-Fi & Fantasy,,Watching,112152,The Devil Punisher,
我的法定老公,Thailand,,Comedy,,,102403,My Husband in Law,
你聽起來很甜,China,,Drama,,Not start,112730,You Are So Sweet,
棋魂,China,,"Drama, Comedy",,Not start,112217,Hikaru no Go,
殺意的道程,Japan,,Drama,,Not start,110804,The Road to Murder,
吹落的樹葉,Thailand,,Drama,,Watching,90275,The Fallen Leaf,
沈默的真相,China,,Drama,,Not start,105053,The Long Night,
破繭,China,,"Crime, Mystery",4,Finished,112573,Insect Detective,
我只喜歡你,China,,"Comedy, Drama",4,Finished,135296,"I Mean, I Want to Say I Like It",
我站在橋上看風景,China,,Drama,,Not start,81305,"To Love, To Heal",
初遇在光年之外,China,,Drama,,Not start,89938,Beyond Light Years,
溫暖的弦,China,,Drama,3,Finished,79263,Here to Heart,
狐狸的夏天,China,,"Drama, Comedy",,Far away,82437,The Fox's Summer,
班長大人,China,,Comedy,,Not start,74106,The Big Boss,
美味奇緣,China,,Drama,,Far away,74733,Delicious Destiny,
談判官,China,,Drama,,Not start,72977,Negotiator,
一千零一夜,China,,Drama,3,Give up,80374,Sweet Dreams,
甜蜜爆擊,China,,Other,,Not start,,甜蜜爆擊,
女總裁的貼身高手,China,,Other,,Not start,,女總裁的貼身高手,
他來了 請閉眼,China,,Mystery,4,Finished,64174,Love Me If You Dare,
美麗的秘密,China,,Drama,3,Finished,64350,Beautiful Secret,
你是我的姐妹,China,,Drama,3,Finished,69425,You Are My Sisters,
如果蝸牛有愛情,China,,"Crime, Drama, Mystery",3,Finished,68342,When a Snail Falls in Love,
微微一笑很傾城,China,,Drama,5,Finished,66776,Love O2O,
克拉戀人,China,,Comedy,2,Give up,63360,Diamond Lover,
一念向北,China,,Drama,3,Finished,236093,一念向北,
千金女賊,China,,Drama,4,Finished,63191,Lady & Liar,
校花的貼身高手,China,,Comedy,,Far away,68753,Mr. Bodyguard,
暗黑者,China,,"Crime, Drama, Comedy, Mystery",3,Finished,64273,Darker,
旋風少女 1,China,,Other,4,Finished,68657,The Whirlwind Girl Season 1,
落跑甜心,China,,"Comedy, Drama",2,Finished,48667,Runaway Sweetheart,
盛夏晚晴天,China,,Drama,5,Finished,126684,A Clear Midsummer Night,
玫瑰奇緣戀與大明星,Thailand,,Comedy,5,Finished,105119,Prophecy of Love,
名門紳士之珍愛妙方,Thailand,,Other,2,Finished,50475,The Five Brothers,
只有我不存在的城市,Japan,,"Animation, Drama, Mystery",,Not start,65249,ERASED,
這是三十歲未滿禁談的戀愛,Japan,,Other,,Finished,116824,30 Kin Sore wa 30-sai Miman Okotowari no Koi,
Unnatural ,Japan,,"Drama, Crime",,Not start,29344,Unnatural Causes,
怪盜山貓,Japan,,Comedy,,Finished,65668,The Phantom Thief YAMANEKO,
裸夏,Japan,,Drama,,Not start,64293,Summer Nude,
櫻蘭高校男公關部,Japan,,"Animation, Comedy, Drama",3,Finished,1043,Ouran High School Host Club,
推理要在晚餐後,Japan,,"Animation, Mystery, Comedy, Crime",,Not start,279216,The Dinner Table Detective,
無間雙龍,Japan,,Mystery,,Far away,62036,Ouroboros,
多金社長小資女,Japan,,Comedy,,Not start,45938,"Rich Man, Poor Woman",
名偵探柯南：給工藤新一的挑戰書,Japan,,Drama,4,Finished,85462,Detective Conan: Shinichi Kudo's Written Challenge,
變身指令,Japan,,Other,,Not start,,變身指令,
零秒出手,Japan,,"Drama, Comedy",,Not start,21674,Buzzer Beat,
破案天才伽利略,Japan,,Drama,,Not start,6964,Galileo,
流星花園,Japan,,"Drama, Family",,Give up,79818,Meteor Garden,
花樣少男少女,Japan,,"Comedy, Drama",5,Finished,4749,Hana Kimi,
正義的夥伴,Japan,,Comedy,5,Finished,45467,Ally of Justice,
後菜鳥的燦爛時代,Taiwan,,Drama,4,Finished,65863,Refresh Man,
姊的時代,Taiwan,,Drama,,Give up,77017,Iron Ladies,
獅子王強大,Taiwan,,Drama,,,77296,Lion Pride,
愛上哥們,Taiwan,,Drama,4,Finished,64308,Bromance,
莫非這就是愛情,Taiwan,,Comedy,3,Finished,75096,Murphy's Law of Love,
我愛你愛你愛我,Taiwan,,"Drama, Comedy, Family",3,Finished,7173,Fated to Love You,
我的寶貝四千金,Taiwan,,Drama,,Give up,108764,Dear Mom,
明若曉溪,Taiwan,,Comedy,,,64036,Moon River,
就是要你愛上我,Taiwan,,Comedy,,,57255,Just You,
十六個夏天,Taiwan,,Drama,,,23279,The Way We Were,
結婚好嗎,Taiwan,,Drama,,,220117,結婚好嗎？,
星座愛情水瓶女,Taiwan,,Drama,3,Finished,69397,Constellation Women Series: Aquarius Woman,
星座愛情牡羊女,Taiwan,,Other,3,Finished,276001,星座愛情牡羊女,
喜歡一個人,Taiwan,,Comedy,3,Finished,83000,Love Myself Or You,
聽見幸福,Taiwan,,Drama,,,62305,Someone Like You,
料理高校生,Taiwan,,Comedy,,,82894,Love Cuisine,
終極惡女,Taiwan,,Sci-Fi & Fantasy,,,69441,Angel 'N' Devil,
給愛麗絲的奇蹟,Taiwan,,Comedy,,,42330,Alice in Wonder City,
借用一下你的愛,Taiwan,,Drama,4,Finished,56973,Borrow Your Love,
回到愛以前,Taiwan,,Drama,,Give up,63667,Déjà Vu,
智勝鮮師,Taiwan,,Other,,,,智勝鮮師,
沒有名字的甜點店,Taiwan,,Other,,,83815,The Patisserie with No Name,
原來是美男,Taiwan,,"Comedy, Drama",,,31417,You Are Beautiful,
真愛趁現在,Taiwan,,Drama,4,Finished,48146,"Love, Now",
真愛黑白配,Taiwan,,Comedy,,,58415,Love Around,
我的自由年代,Taiwan,,Drama,,Give up,65589,In a Good Way,
幸福蒲公英,Taiwan,,Drama,4,Finished,134127,Dandelion Love,
真心請按兩次鈴,Taiwan,,Drama,,,107831,Ring Ring Bell,
陽光天使,Taiwan,,Drama,,,33970,Sunny Girl,
桃花小妹,Taiwan,,Comedy,,Finished,31315,Tao Hua xiao mei,
華麗的挑戰,Taiwan,,"Animation, Drama, Comedy",3,Finished,46669,Skip Beat!,
我可能不會愛你,Taiwan,,Drama,5,Finished,91140,I Don't Love You Yet,
公主小妹,Taiwan,,Drama,3,Finished,4791,Romantic Princess,
愛在桐花紛飛時,Taiwan,,Other,,,57143,Desperately Loving You,
黑糖群俠傳,Taiwan,,Comedy,3,Finished,16339,The Legend of Brown Sugar Chivalries,
就想賴著你,Taiwan,,Drama,,,33072,Down with Love,
麻辣鮮師,Taiwan,,Other,,,,麻辣鮮師,
死神少女,Taiwan,,Drama,3,Finished,32555,Gloomy Salad Days,
東方茱麗葉,Taiwan,,Drama,,Give up,16808,東方茱麗葉,
終極三國,Taiwan,,"Sci-Fi & Fantasy, Drama, Comedy",4,Finished,16365,K.O.3an Guo,
花樣少男少女,Taiwan,,"Comedy, Drama",,,4749,Hana Kimi,
信號,Korea,,"Crime, Mystery, Sci-Fi & Fantasy, Drama",4,Finished,64840,Signal,
稍息立正我愛你,Taiwan,,Drama,4,Finished,73268,"Attention, Love!",
想暫停的瞬間,Korea,,Drama,,Give up,78742,About Time,
復仇筆記 2,Korea,,Other,3,Finished,76330,Sweet Revenge Season 2,
廣播羅曼史,Korea,,Drama,,Far away,76114,Radio Romance,
只是相愛的關係,Korea,,Drama,,Far away,74829,Just Between Lovers,
不是機器人啊,Korea,,Comedy,,Far away,74682,I Am Not a Robot,
瘋狗,Korea,,"Crime, Drama",4,Finished,74076,Mad Dog,
檢法男女,Korea,,Drama,,Far away,79070,Partners for Justice,
救救我,Korea,,"Crime, Comedy, Drama",,Far away,72690,Save Me,
河伯的新娘,Korea,,Drama,,Far away,70452,The Bride of Habaek,
無法擁抱的你,China,,Drama,,Not start,74940,I Cannot Hug You,
魔女的法庭,Korea,,Crime,,Far away,74114,Witch's Court,
W 兩個世界,Korea,,Drama,5,Finished,66330,W: Two Worlds Apart,
當你沉睡時,Korea,,Sci-Fi & Fantasy,5,Finished,70649,While You Were Sleeping,
奇怪的搭擋,Korea,,Suspicious Partner,,Far away,71349,"Comedy, Crime, and Drama",
學校 2015,Korea,,Drama,5,Finished,62511,Who Are You: School 2015,
犯罪心理,Korea,,"Crime, Drama, Mystery",4,Finished,4057,Criminal Minds,
學校 2017,Korea,,Drama,,Not start,72374,School 2017,
數學女孩的戀愛故事,Japan,,Other,4,Finished,84325,Hard Nut,
原來是美男,Japan,,"Comedy, Drama",,Give up,31417,You Are Beautiful,
全部成為 Ｆ,Japan,,"Animation, Mystery, Drama",,Not start,70292,The Perfect Insider,
詐欺遊戲 S2,Japan,,Other,5,Finished,13967,Liar Game Season 2,
極樂天使,Japan,,Comedy,,Not start,69853,Goodbye Ghosts!,
明日香工高進行曲,Japan,,Drama,,Not start,45827,Asuka High School March!,
醫療船,Korea,,Drama,4,Finished,73257,Hospital Ship,
Bloody Monday S1,Japan,,Other,5,Finished,38634,Bloody Monday Season 1,
你為我著迷,Korea,,Comedy,5,Finished,39198,Heartstrings,
詐欺遊戲 S1,Japan,,Other,5,Finished,13967,Liar Game Season 1,
君主，假面的主人,Korea,,Other,,Not start,,君主，假面的主人,
My boy,Korea,,Drama,3,Finished,199001,My Life with the Walter Boys,
Bloody Monday S2,Japan,,Other,5,Finished,38634,Bloody Monday Season 2,
有閑俱樂部,Japan,,Comedy,4,Finished,44926,Yukan Club,
神之水滴,Japan,,Drama,,Not start,218961,Drops of God,
完美小姐進化論,Japan,,"Animation, Comedy, Drama",3,Finished,899,The Wallflower,
絕對零度,Japan,,"Drama, Crime, Mystery",4,Finished,40395,Absolute Zero,
花過天晴,Japan,,Drama,,Not start,79058,Boys Over Flowers: Season 2,
Good morning Call S2,Japan,,Other,,Give up,,Good morning Call S2,
哥哥太愛我了怎麼辦,Japan,,Comedy,3,Finished,78544,My Brother Loves Me Too Much,
輪到你了,Japan,,"Mystery, Drama",,Not start,88570,Your Turn to Kill,
一吻定情 S2,Japan,,Other,5,Finished,64793,Mischievous Kiss: Love in Tokyo Season 2,
一吻定情 S1,Japan,,Other,5,Finished,64793,Mischievous Kiss: Love in Tokyo Season 1,
Cold Blue S2,Japan,,Other,5,Finished,21021,Cold Blue Season 2,
Good morning Call S1,Japan,,Other,4,Finished,65693,Good morning Call Season 1,
Cold Blue S3,Japan,,Other,4,Finished,21021,Cold Blue Season 3,
致美麗的你,Korea,,Drama,3,Finished,64350,Beautiful Secret,
Kill it,Korea,,"Action & Adventure, Animation, Comedy, Sci-Fi & Fantasy",3,Give up,60728,Kill la Kill,
十八歲的瞬間,Korea,,Drama,,Not start,90407,At Eighteen,
優雅的家,Korea,,Drama,,Far away,91902,Graceful Family,
喜歡的話請響鈴,Korea,,"Drama, Sci-Fi & Fantasy",,Far away,89641,Love Alarm,
深淵,Korea,,"Animation, Drama, Action & Adventure, Sci-Fi & Fantasy",3,Finished,72636,Made in Abyss,
浪行驚爆點,Korea,,Drama,4,Finished,92983,Vagabond,
請融化我吧,Korea,,Other,,Far away,,請融化我吧,
詐騙操作團,Korea,,Crime,,Far away,94510,Leverage,
綠豆傳,Korea,,Comedy,,Watching,93541,The Tale of Nokdu,
嗚嗡嗚嗡 S,Korea,,Drama,4,Finished,97040,Wish Woosh,
富豪辯護人,Korea,,"Drama, Crime",,Far away,95110,Hyena,
天氣好的話，我會去找你,Korea,,Drama,,Far away,96977,When the Weather Is Fine,
有瑕疵的人,Korea,,Comedy,,Far away,95212,Love with Flaws,
梨泰院Class,Korea,,Drama,,Far away,96162,Itaewon Class,
超能警探,Korea,,Mystery,,Not start,99478,Memorist,
蘆葦,Korea,,Animation,,Far away,126437,Aoashi,
快過來,Korea,,Comedy,,Not start,97957,"Meow, the Secret Boy",
重生,Korea,,"Mystery, Crime",,Far away,100236,Reborn,
戀愛革命,Korea,,"Drama, Comedy",,Far away,108290,Love Revolution,
匆匆心動,Korea,,Comedy,,Far away,107692,Mr. Heart,
焦糖餅,Korea,,Other,,Far away,,焦糖餅,
二十二十,Korea,,"Drama, Mystery, War & Politics",4,Finished,254482,The Vendetta of An,
法外搜查,Korea,,Drama,,Watching,99120,Team Bulldog: Off-Duty Investigation,
私生活,Korea,,Reality,,Far away,50042,Below Deck,
搜索,Korea,,"Crime, Mystery, Sci-Fi & Fantasy, Drama",,Not start,233629,Bodies,
親愛的，熱愛的,China,,Drama,4,Finished,82817,Go Go Squid!,
端腦,China,,"Sci-Fi & Fantasy, Mystery, Drama",3,Finished,70609,Die Now,
我的鄰居睡不著,China,,Comedy,3,Finished,94838,My Neighbour Can't Sleep,
滿滿喜歡你,China,,Drama,3,Finished,95102,All I Want for Love is You,
世界欠我一個初戀,China,,Drama,,Finished,94218,Lucky's First Love,
沒有秘密的你,China,,Sci-Fi & Fantasy,3,Finished,94823,No Secrets,
鱷魚與牙籤鳥,China,,Drama,3,Finished,96039,Crocodile and the Plover Bird,
蓬萊間,China,,Comedy,,Not start,97442,Fairyland Lovers,
身為一個胖子,China,,Other,3,Give up,96958,Love the Way You Are,
熟女漂漂拳,China,,Other,,Not start,,熟女漂漂拳,
你是我的奇蹟,China,,Action & Adventure,,Not start,96544,You Are the Miracle,
拜託，請你愛我,China,,"Drama, Comedy",,Not start,97195,Please Love Me,
下一站是幸福,China,,Drama,4,Finished,98830,Find Yourself,
忘記你，記得愛情,China,,Drama,,Not start,100875,Forget You Remember Love,
冰糖燉雪梨,China,,Drama,4,Finished,100803,Skate Into Love,
致我們單純的小美好,China,,"Comedy, Drama",4,Finished,75387,A Love So Beautiful,
致我們暖暖的小時光,China,,"Drama, Comedy",4,Finished,88548,Put Your Head on My Shoulder,
我成了他的班主任,China,,Comedy,,Not start,101608,High School Big Bang,
獵狐,China,,"Crime, Mystery",,Not start,101996,Hunting,
我的刺蝟女孩,China,,Drama,,Not start,102406,Closer to You,
致我們甜甜的小美滿,China,,Drama,2,Give up,101723,The Love Equations,
你在我的右手邊,China,,Comedy,,Not start,103503,My Sassy Deskmate,
彼岸花,China,,Drama,,Not start,89891,Beautiful Reborn Flower,
師爺請自重,China,,Drama,,Not start,102859,Love is All,
嘉人本色,China,,Drama,,Not start,96067,True Colours,
暖暖，請多指教,China,,Comedy,,Not start,103469,"My Love, Enlighten Me",
酋長的男人,China,,Comedy,,Not start,104088,Mr. Fox and Miss Rose,
願我如星君如月,China,,Drama,,Not start,105193,Oops! The King is in Love,
99分女朋友,China,,Comedy,,Not start,105087,My Girl,
你是我的命中注定,China,,"Drama, Comedy",2,Finished,104431,You Are My Destiny,
痕跡,China,,"Drama, Mystery",4,Finished,106713,Trace,
酒店實習生,China,,Other,,Not start,111591,Hotel Trainees,
他其實沒有那麼愛你,China,,Drama,,Not start,107633,Love Yourself,
越過山丘,China,,Drama,,Not start,111465,Upon The Mountain,
你是我心中的太陽,Thailand,,Drama,4,Finished,109955,As Long As The Sky Has the Sun,
一吻定情,Thailand,,Other,3,Finished,79261,Kiss Me,
 不說謊戀人,China,,Drama,,Not start,105430,Mr. Honesty,
騰空之約,China,,Other,,Far away,106048,Swing to the Sky,
穿越火線,China,,"Action & Adventure, Sci-Fi & Fantasy",,Not start,106227,Cross Fire,
漂亮書生,China,,Drama,3,Finished,106424,In a Class of Her Own,
怦然心動的小姊姊,China,,Other,,Not start,,怦然心動的小姊姊,
穿盔甲的少女,China,,Drama,3,Finished,108123,My Unicorn Girl,
非常校護檔案,Korea,,Sci-Fi & Fantasy,,Not start,87313,The School Nurse Files,
Train,Korea,,"Western, Drama, Family",3,Finished,6081,Wagon Train,
境遇之數,Korea,,Drama,,Not start,108146,More Than Friends,
Do do so la la so,Korea,,Drama,,Not start,95066,Chocolate,
便利店新星,Korea,,Comedy,,Give up,98827,Backstreet Rookie,
浪漫輸給你,Taiwan,,Drama,,Give up,104798,Lost Romance,
九尾狐傳,Korea,,"Sci-Fi & Fantasy, Drama, Comedy, Mystery",,Watching,108284,Tale of the Nine Tailed,
青春紀錄,Korea,,Drama,,Watching,99047,Record of Youth,
愛麗絲,Korea,,"Comedy, Drama",,Watching,494,Alice,
喪屍偵探,Korea,,Sci-Fi & Fantasy,,Far away,108285,Zombie Detective,
History3 圈套,Taiwan,,Drama,4,Finished,303418,HIStory: trapped,
纏上你,Taiwan,,Other,,,,纏上你,
我們的愛情不正常,Japan,,Drama,5,Finished,106128,Cursed in Love,
韞色過濃,China,,Drama,4,Finished,102953,Intense Love,
幸福，觸手可及,China,,Drama,2,Give up,103741,Love Designer,
初戀了那麼多年,China,,Drama,4,Finished,110493,First Romance,
傳聞中的陳芊芊,China,,Comedy,5,Finished,103635,The Romance of Tiger and Rose,
戀愛吧，食夢君,China,,Comedy,3,Finished,110858,Poisoned Love,
心動的瞬間,China,,Comedy,,Not start,110574,Sparkle Love,
拾光裡的我們,China,,Other,3,Finished,108893,Way Back Into Love,
我憑本事單身,China,,Soap,4,Finished,111739,Professional Single,
完美先生和差不多小姐,China,,Comedy,4,Finished,110966,Perfect and Casual,
約定期間愛上你,China,,Comedy,3,Finished,110573,Love in Time,
甜了青梅配竹馬,China,,Drama,3,Finished,110839,Sweet First Love,
沈默不語的顧小姐,China,,Other,4,Finished,110509,Miss Gu Who is Silent,
我，喜歡你,China,,Drama,3,Give up,109866,Dating in the Kitchen,
擁抱太陽的月亮,Korea,,Drama,5,Finished,45579,The Moon Embracing the Sun,
德魯納酒店,Korea,,Sci-Fi & Fantasy,4,Give up,90447,Hotel Del Luna,
只因我們天生一對,Thailand,,"Drama, Comedy",5,Finished,99631,2gether: The Series,
我的ID是江南美人,Korea,,"Comedy, Drama",3,Finished,80737,My ID is Gangnam Beauty,
步步驚心：麗,Korea,,"Drama, Sci-Fi & Fantasy, War & Politics",3,Give up,66433,Scarlet Heart: Ryeo,
愛的迫降,Korea,,Drama,4,Finished,94796,Crash Landing on You,
魔女的條件,Japan,,Drama,3,Give up,4054,Forbidden Love,
求婚大作戰,Japan,,"Comedy, Sci-Fi & Fantasy",4,Finished,14037,Operation Love,
流星之絆,Japan,,"Comedy, Family, Mystery",3,Give up,7803,Ties of Shooting Stars,
最後的灰姑娘,Japan,,Comedy,5,Finished,65582,The Last Cinderella,
粉紅系男孩,Japan,,Comedy,3,Finished,37539,Otomen,
家有六子,Japan,,Comedy,5,Finished,18345,My Boys,
真愛找麻煩,Taiwan,,Comedy,4,Finished,48437,Inborn Pair,
愛上兩個我,Taiwan,,"Comedy, Drama",3,Give up,65864,Fall In Love With Me,
下一站幸福,Taiwan,,Drama,5,Finished,98830,Find Yourself,
Start up,Korea,,"Drama, Comedy",,Give up,99048,Start-Up,
惡之花,Korea,,"Drama, Crime, Mystery",5,Finished,99494,Flower of Evil,
以家人之名,China,,"Drama, Family, Comedy",5,Finished,107329,Go Ahead,
新鐵石心腸,Thailand,,Drama,3,Finished,87606,Heart of Stone,
咩妹的完美執事,Japan,,Other,4,Finished,56497,Mei's Bulter,
Kill me heal me,Korea,,Comedy,5,Finished,62266,"Kill Me, Heal Me",
三流之路,Korea,,Comedy,4,Finished,70813,Fight for My Way,
